entity_id,legacy_id,entity_type,election_incident_domain,evidence_status,mechanisms,observed_or_prospective_harm,missing_failed_controls,timing,priority_lesson,sources,last_reviewed
C-01,C-01,Observed incident,"Romania presidential election, 2024",Established platform and institutional evidence; causal vote effect unproven,"Coordinated promotion, recommender amplification, opaque sponsorship, cross-platform operation","Information-integrity crisis, institutional response, annulment controversy, and legitimacy damage","Sponsor transparency, earlier network detection, auditable recommender risk, evidence preservation",Pre-election and immediate post-election,"Do not infer result causality from virality; map controller, distribution, evidence, and institutional consequences.",Venice Commission and EU/OSCE materials; see Evidence Ledger,2026-08-11
C-02,C-02,Observed incident,"Moldova elections / referendum, 2024–2025",Documented foreign-influence and illicit-finance risk; AI-specific contribution varies,"Coordinated networks, paid influence, cross-platform and offline channels, institutional pressure","High response burden, trust erosion, and vulnerability to opaque external control","Cross-platform coordination, financial attribution, rapid evidence and public communication",Persistent through election cycle,"AI is an enabling layer inside a broader influence system, not a standalone cause.",OSCE/ODIHR and official election reports; see Evidence Ledger,2026-08-11
C-03,C-03,Observed incident,"New Hampshire AI-voice robocall, 2024",Established enforcement case,"Synthetic impersonation, voter suppression message, telephony distribution, caller-ID deception",Deceptive voting message and demonstrated low-cost impersonation vector,"Voice consent/disclosure enforcement, rapid carrier trace, campaign verification, correction",Immediately before primary,Channel-specific law and attribution can be more consequential than generic deepfake labeling.,https://www.fcc.gov/document/fcc-makes-ai-generated-voices-robocalls-illegal,2026-08-11
C-04,C-04,Observed incident,"Slovakia parliamentary election audio incident, 2023",Synthetic-audio incident widely documented; effect on outcome unproven,"Late-cycle synthetic audio, authenticity uncertainty, compressed correction window",Epistemic uncertainty and response difficulty close to voting,"Fast authentication, candidate verification, trusted channels, proportional correction",Final campaign days,The democratic harm can be uncertainty and institutional overload even without measurable persuasion.,Case sources maintained in Part 3 and Evidence Ledger,2026-08-11
C-05,C-05,Prospective implementation study,"Brazil general election, 2026 — TSE implementation regime",Binding Resolution and Portaria adopted; plans due 2026-08-16; election and causal effects not yet observable as of 2026-08-11,"AI assistants, synthetic media, recommender systems, boosted political content, rapid incident response",Prospective risk; no 2026 voting outcome yet,"Independent baseline, plan-quality audit, exposure data, assistant-neutrality tests, appeal testing and post-election causal design",Plans by 2026-08-16; first round 2026-10-04; possible second round 2026-10-25; consolidated reports by 2026-12-19,"Treat as a prospective implementation study. Plan completion is not effectiveness, and virality is not evidence of changed votes.",https://www.tse.jus.br/legislacao/compilada/prt/2026/portaria-no-463-de-27-de-julho-de-2026,2026-08-11
C-06,C-06,Historical governance baseline,Cambridge Analytica / political microtargeting baseline,Established data-governance and campaign-infrastructure case; individual persuasion effects contested,"Data extraction, profiling, targeted messaging, opaque controller networks","Loss of informational autonomy, accountability failure, and trust damage","Data minimization, sponsor/targeting transparency, researcher access, functional exit",Long-term baseline,"The strongest evidence concerns data and governance failure, not deterministic mind control.",Regulatory and parliamentary records; see Evidence Ledger,2026-08-11
D-01,C-07,Audit domain,AI assistants answering election-administration questions,"Recurring audit domain; error rates vary by model, language, and date","Answer-layer gatekeeping, retrieval failure, hallucinated authority, default trust","Potential misregistration, misdirection, or reduced participation","Official-source interfaces, multilingual audits, update SLAs, visible correction","Continuous, intensified near deadlines",Administrative accuracy is measurable and should be separated from contested political truth claims.,Election-authority and civil-society audit materials; see Evidence Ledger,2026-08-11
X-01,C-08,Legitimate-use counterexample,Legitimate synthetic media in election communication,Established legitimate-use category,"Translation, accessibility, parody, low-cost outreach, candidate-authorized synthetic speech","No inherent harm; risk arises from deception, attribution failure, or discriminatory enforcement",Clear authorization and provenance; contextual exceptions; appeal,Campaign period,A blanket synthetic-media ban would sacrifice speech and access without addressing interactive manipulation.,International IDEA and election-regulator guidance; see Evidence Ledger,2026-08-11
S-01,C-09,Structural risk pattern,Public authority dependence on proprietary AI vendors,Structural risk with operational precedents; democratic effects under-measured,"Vendor lock-in, deskilling, opaque updates, cloud-model integration, weak exit","Reduced institutional autonomy, continuity, contestability, and public accountability","Public registers, multi-provider architecture, tested exit, internal expertise, contractual audit",Procurement and annual resilience review,Agency transfer can occur inside institutions even without manipulative content.,"Canada, UK, EU procurement, and OECD materials; see Evidence Ledger",2026-08-11
