legal_id,instrument_framework,jurisdiction,legal_force,status,scope,material_exclusions,authority_owner,application_publication,source_id,direct_url,last_checked
L-001,EU Artificial Intelligence Act — Article 5 manipulation prohibitions,EU/EEA,Binding,Applicable since 2025-02-02,Binding prohibition only where the cumulative Article 5(1)(a) or (b) conditions are met; not a general ban on persuasion or political manipulation.,"Subtle cumulative influence may fail material-distortion, causation, or significant-harm thresholds.",European Commission; national market-surveillance authorities,2024-07-12 / phased application,SRC-111,https://eur-lex.europa.eu/legal-content/EN/TXT/HTML/?uri=CELEX%3A02024R1689-20260727,2026-08-11
L-002,EU Artificial Intelligence Act — GPAI systemic-risk duties,EU/EEA,Binding,Applicable with phased enforcement,"Binding evaluation/adversarial testing, systemic-risk assessment and mitigation, serious-incident reporting and cybersecurity for GPAI with systemic risk; methods are not fixed to the Code or NIST.",No validated cumulative-agency metric or benchmark-to-release threshold; near misses are not automatically statutory serious incidents.,European AI Office,2024-07-12 / phased application,SRC-111,https://eur-lex.europa.eu/legal-content/EN/TXT/HTML/?uri=CELEX%3A02024R1689-20260727,2026-08-11
L-003,General-Purpose AI Code of Practice,EU/EEA,Non-binding / voluntary,Operational voluntary compliance route,Voluntary means to demonstrate compliance with binding GPAI duties; alternative adequate means remain permitted.,Code commitments are not standalone statutory rights or duties and do not create a manipulation score-to-release threshold.,European Commission / AI Office,2025-07-10; current 2026-07-31,SRC-004,https://digital-strategy.ec.europa.eu/en/policies/contents-code-gpai,2026-08-11
L-004,EU AI Act Article 50 transparency duties and Code of Practice,EU/EEA,Binding,Applicable since 2026-08-02,Binding marking/disclosure duties; the supporting Code is voluntary. Article 50(2) pre-existing generators have a limited transition to 2026-12-02.,"Metadata can be stripped; provenance does not cover truthful personalized, conversational or relational influence.",European Commission; national authorities,2026-08-02; limited transition 2026-12-02,SRC-111,https://eur-lex.europa.eu/legal-content/EN/TXT/HTML/?uri=CELEX%3A02024R1689-20260727,2026-08-11
L-005,"Digital Services Act Articles 25, 34–35, 37–40",EU/EEA,Binding,Applicable,"Article 25/27 platform duties plus VLOP/VLOSE-only Articles 34–35, 37–40. Electoral systemic-risk duties and non-profiled recommender choice are not platform-wide.","VLOP/VLOSE scope leaves many assistants, smaller services, and off-platform activity outside.",European Commission; Digital Services Coordinators,2022-10-19,SRC-025,https://eur-lex.europa.eu/eli/reg/2022/2065/oj/eng,2026-08-11
L-006,DSA election-risk guidelines and toolkit,EU/EEA,Non-binding / voluntary,Operational,"Election-specific risk assessment, recommender mitigation, generative AI, incident response, exercises, and post-election review.",Guidelines are not a standalone law; causal effectiveness remains under-evaluated.,European Commission,2024-03-26 / 2025 toolkit,SRC-003,https://digital-strategy.ec.europa.eu/en/library/guidelines-providers-vlops-and-vloses-mitigation-systemic-risks-electoral-processes,2026-08-11
L-007,Regulation on transparency and targeting of political advertising,EU/EEA,Binding,Fully applicable since 2025-10-10,"Defined political advertising only. Restricts personal-data targeting, prohibits special-category profiling and establishes a broader EU online repository architecture.","Organic influence, issue advocacy, proxies, and private conversational steering can evade ad classification.",European Commission; national authorities,2024-03-13 / 2025-10-10,SRC-030,https://eur-lex.europa.eu/eli/reg/2024/900/oj/eng,2026-08-11
L-008,General Data Protection Regulation,EU/EEA,Binding,In application,"Purpose limitation, minimization, transparency, profiling, rights, DPIAs, and portability for personal data.","Portability and deletion of inferred, embedded, or relational assistant state are unsettled.",Data-protection authorities; courts,2016-04-27,SRC-054,https://eur-lex.europa.eu/eli/reg/2016/679/oj/eng,2026-08-11
L-009,Digital Markets Act,EU/EEA,Binding,In application; AI-assistant implications developing,"Gatekeeper contestability, interoperability, data portability, self-preference, and defaults.",Designation and metrics may lag rapidly emerging assistant gatekeepers.,European Commission,2022-09-14,,https://digital-markets-act.ec.europa.eu/index_en,2026-08-11
L-010,EU Data Act,EU/EEA,Binding,In application,Cloud switching and interoperability duties; progressive removal of switching charges.,"Model, memory, embedding, agent, and evaluation portability remain incomplete.",European Commission; national authorities,2023-12-13,SRC-056,https://eur-lex.europa.eu/eli/reg/2023/2854/oj/eng,2026-08-11
L-011,European Media Freedom Act,EU/EEA,Binding,Most provisions applicable since 2025-08-08,"Media pluralism, independence, concentration assessment, and platform-media safeguards.",Generative answer-layer source selection and omission are not fully covered.,European Commission; European Board for Media Services,2024-04-11,SRC-062,https://eur-lex.europa.eu/eli/reg/2024/1083/oj/eng,2026-08-11
L-012,Council of Europe Framework Convention on AI,Council of Europe system,Binding — phased,Not yet in force as of 2026-08-11,"Adopted treaty text; EU ratified 2026-05-15, but Article 30 entry threshold remains unmet.",High-level duties require entry into force and domestic operationalization; private-sector coverage can vary by implementation choice.,Council of Europe; future parties,Opened 2024-09-05; EU ratified 2026-05-15,SRC-089,https://www.coe.int/en/web/Conventions/full-list/?module=signatures-by-treaty&treatynum=225,2026-08-11
L-013,HUDERIA methodology,International / Council of Europe,Non-binding / voluntary,Operational guidance,"Non-legally binding human-rights, democracy and rule-of-law assessment guidance.",Agency-transfer construct and longitudinal measures are not yet standardized.,Council of Europe,2024-11-28,SRC-066,https://rm.coe.int/cai-2024-16rev2-methodology-for-the-risk-and-impact-assessment-of-arti/1680b2a09f,2026-08-11
L-014,Brazil TSE Resolutions 23.610 and 23.755/2026,Brazil,Binding,Applicable to 2026 elections,"Synthetic-content rules, deepfake prohibition, anti-favoritism, recommender duties, plan/evidence obligations and a narrow corrective-promotion remedy; no general official-source-grounding duty.",The 72h/24h rule and assistant neutrality are unusually broad; same-reach correction is not a general right and effect evidence remains open.,Tribunal Superior Eleitoral,2026-03-02,SRC-049,https://www.tse.jus.br/legislacao/compilada/res/2019/resolucao-no-23-610-de-18-de-dezembro-de-2019,2026-08-11
L-015,FCC Telephone Consumer Protection Act declaratory ruling,United States,Binding,In force,AI-generated voices in robocalls are treated as artificial or prerecorded voices requiring consent and applicable disclosures.,"Does not cover every channel, truthful persuasion, or foreign/offshore operations.",Federal Communications Commission,2024-02-08,SRC-039,https://www.fcc.gov/document/fcc-makes-ai-generated-voices-robocalls-illegal,2026-08-11
L-016,NIST AI RMF Generative AI Profile,United States / international use,Non-binding / voluntary,Published,"Generative-AI risk identification, measurement, management, monitoring, provenance, incident, and governance practices.",Voluntary; no election-specific or binding release threshold.,NIST,2024-07-26,SRC-011,https://nvlpubs.nist.gov/nistpubs/ai/NIST.AI.600-1.pdf,2026-08-11
L-017,C2PA Technical Specification 2.4,International standard ecosystem,Non-binding / voluntary,Current specification,Cryptographically signed content credentials and provenance assertions.,"Participation gaps, stripping, laundering, capture-chain gaps, and no protection against truthful manipulation.",Coalition for Content Provenance and Authenticity,2025,SRC-043,https://spec.c2pa.org/specifications/specifications/2.4/specs/C2PA_Specification.html,2026-08-11
L-018,Canada Directive on Automated Decision-Making,Canada federal government,Binding,Operational,"Impact assessment, testing, peer review, notice, explanation, human intervention, recourse, and contingency controls.","Self-scoring, scope limits, and weak adaptation to general-purpose or generative systems.",Treasury Board of Canada Secretariat,Updated 2025-06-24,SRC-064,https://www.tbs-sct.canada.ca/pol/doc-eng.aspx?id=32592,2026-08-11
L-019,UK Algorithmic Transparency Recording Standard,United Kingdom,Mixed / contextual,Operational,"Public disclosure of algorithmic tools, purpose, responsibility, data, risks, and contacts.","Completeness, update quality, and consequences for high-risk systems vary.",UK central government,Current guidance,,https://www.gov.uk/government/publications/guidance-for-organisations-using-the-algorithmic-transparency-recording-standard/algorithmic-transparency-recording-standard-guidance-for-public-sector-bodies,2026-08-11
L-020,Frontier AI Safety Commitments,International,Non-binding / voluntary,Adopted by signatories; implementation varies,"Risk frameworks, severe-risk thresholds, red teaming, reporting, and governance for frontier models.","Self-governance, catastrophic-risk emphasis, weak democratic-manipulation coverage, and no common enforcement.",Signatory companies and governments,2024-05-21,,https://www.gov.uk/government/publications/frontier-ai-safety-commitments-ai-seoul-summit-2024/frontier-ai-safety-commitments-ai-seoul-summit-2024,2026-08-11
L-021,EU AI Act — Annex III 8(b) election-influence systems,EU/EEA,Binding — phased,Listed high-risk use case; main duties apply 2027-12-02,Systems intended to influence election/referendum outcomes or voting behaviour with direct exposure; administrative/logistical campaign tools excluded.,Administrative or logistical campaign tools that do not directly influence voters are excluded; obligations are not yet generally applicable.,European Commission; national authorities,2027-12-02,SRC-111,https://eur-lex.europa.eu/legal-content/EN/TXT/HTML/?uri=CELEX%3A02024R1689-20260727,2026-08-11
L-022,Code of Conduct on Disinformation under the DSA,EU/EEA,Binding,Auditable for signatories since 2025-07-01; first post-integration reports published 2026-03-24,"Demonetisation, political ads, coordinated manipulation, bots/impersonation/deepfakes, recommenders, researchers and election rapid response.","Commitments bind signatories through the code route, not all services; causal effect and private-channel coverage remain limited.",European Commission; signatory platforms,Integrated 2025-02-13 / auditable 2025-07-01,SRC-086,https://digital-strategy.ec.europa.eu/en/library/code-conduct-disinformation,2026-08-11
L-023,TSE Portaria 463/2026 — electoral compliance plans,Brazil,Binding,In force; plans due 2026-08-16; consolidated implementation reports due 2026-12-19,"Operationalises platform plans for social, messaging, video, search and generative/conversational AI: concrete controls, metrics, timelines, impact assessment, evidence preservation, channels and reporting.",Proportional-diligence regime rather than a guarantee of election outcomes; self-chosen indicators and limited independent access can weaken evaluation.,Tribunal Superior Eleitoral,2026-07-27,SRC-087,https://www.tse.jus.br/legislacao/compilada/prt/2026/portaria-no-463-de-27-de-julho-de-2026,2026-08-11
L-024,Unfair Commercial Practices Directive and Commission guidance,EU/EEA,Binding,In application,"Unfair, misleading and aggressive B2C practices; guidance can reach manipulative personalisation and dark-pattern commercial interfaces.",Does not generally govern non-commercial or electoral persuasion and is not an AI-specific loyalty duty.,National consumer authorities; courts; European Commission,2005; guidance 2021-12-29,,https://eur-lex.europa.eu/legal-content/EN/TXT/PDF/?uri=CELEX:52021XC1229(05),2026-08-11
L-025,UK Online Safety Act — one-to-one chatbot coverage boundary,United Kingdom,Binding,In force under phased implementation,"Covers regulated search and user-to-user services, illegal content duties and specified harmful-content regimes.",A provider's one-to-one generative chatbot output is generally outside Part 3 unless another regulated function applies; lawful political misinformation is not a general regulated category.,Ofcom,2023; current Ofcom interpretation,SRC-091,https://www.ofcom.org.uk/online-safety/illegal-and-harmful-content/ai-chatbots-and-online-regulation-what-you-need-to-know,2026-08-11
L-026,New York AI companion chatbot safeguards,"New York, United States",Binding,Enacted 2025; state implementation applies under the enacted provisions,"Disclosure that the system is not human, periodic reminders during sustained use and a protocol for self-harm or suicide expressions.","Relational-safety precedent, not evidence of political dependence or democratic agency transfer; jurisdiction and service definitions are narrow.",New York State,2025-05,SRC-092,https://www.governor.ny.gov/news/governor-hochul-signs-legislation-expanding-historic-empire-ai-consortium-and-establishing,2026-08-11
L-027,EU Digital Fairness Act,EU/EEA,Proposed,Proposal planned for Q4 2026; not binding as of 2026-08-11,"Expected to address dark patterns, addictive design, unfair personalisation and transparency around AI assistants.","Scope, duties, thresholds and enforcement are not final; diagnostic evidence must not be coded as intervention effectiveness.",European Commission,Planned Q4 2026,,https://commission.europa.eu/document/download/aa8d20ed-148f-4eaa-b8ea-92be7acdaee6_en?filename=CWP_2026_explained-version6_0.pdf,2026-08-11
L-028,NIST AI Agent Standards Initiative,United States / international use,Non-binding / voluntary,Operational; launched 2026-02-17 and updated 2026-04-20,"Agent standards and protocols, identity/authentication/authorization research, and security evaluation methods.","Voluntary and security-led; does not itself establish root-purpose provenance, political safeguards or a binding deployment gate.",NIST,2026-02-17,SRC-002,https://www.nist.gov/artificial-intelligence/ai-agent-standards-initiative,2026-08-11
