relation_id,implementation_id,mechanism_id,relation,evidence_basis,claim_class,notes
IM-001,I-001,M-01,Mitigates / observes,Project — confirmatory mechanism,Established — project mechanism,Rule-based v0.3 mapping; review during publication freeze.
IM-002,I-001,M-06,Mitigates / observes,Analytical crosswalk,Strong inference,Rule-based v0.3 mapping; review during publication freeze.
IM-003,I-001,M-08,Mitigates / observes,Analytical crosswalk,Strong inference,Rule-based v0.3 mapping; review during publication freeze.
IM-004,I-001,M-14,Mitigates / observes,Analytical crosswalk,Strong inference,Rule-based v0.3 mapping; review during publication freeze.
IM-005,I-001,M-16,Mitigates / observes,Analytical crosswalk,Strong inference,Rule-based v0.3 mapping; review during publication freeze.
IM-006,I-002,M-01,Mitigates / observes,Project — confirmatory mechanism,Established — project mechanism,Rule-based v0.3 mapping; review during publication freeze.
IM-007,I-002,M-06,Mitigates / observes,Analytical crosswalk,Strong inference,Rule-based v0.3 mapping; review during publication freeze.
IM-008,I-002,M-16,Mitigates / observes,Analytical crosswalk,Strong inference,Rule-based v0.3 mapping; review during publication freeze.
IM-009,I-003,M-01,Mitigates / observes,Analytical crosswalk,Strong inference,Rule-based v0.3 mapping; review during publication freeze.
IM-010,I-003,M-06,Mitigates / observes,Analytical crosswalk,Strong inference,Rule-based v0.3 mapping; review during publication freeze.
IM-011,I-003,M-14,Mitigates / observes,Analytical crosswalk,Strong inference,Rule-based v0.3 mapping; review during publication freeze.
IM-012,I-004,M-01,Mitigates / observes,Analytical crosswalk,Strong inference,Rule-based v0.3 mapping; review during publication freeze.
IM-013,I-004,M-06,Mitigates / observes,Analytical crosswalk,Strong inference,Rule-based v0.3 mapping; review during publication freeze.
IM-014,I-004,M-11,Mitigates / observes,Analytical crosswalk,Strong inference,Rule-based v0.3 mapping; review during publication freeze.
IM-015,I-004,M-12,Mitigates / observes,Analytical crosswalk,Strong inference,Rule-based v0.3 mapping; review during publication freeze.
IM-016,I-004,M-13,Mitigates / observes,Analytical crosswalk,Strong inference,Rule-based v0.3 mapping; review during publication freeze.
IM-017,I-005,M-04,Mitigates / observes,Analytical crosswalk,Strong inference,Rule-based v0.3 mapping; review during publication freeze.
IM-018,I-005,M-05,Mitigates / observes,Analytical crosswalk,Strong inference,Rule-based v0.3 mapping; review during publication freeze.
IM-019,I-005,M-06,Mitigates / observes,Analytical crosswalk,Strong inference,Rule-based v0.3 mapping; review during publication freeze.
IM-020,I-005,M-12,Mitigates / observes,Analytical crosswalk,Strong inference,Rule-based v0.3 mapping; review during publication freeze.
IM-021,I-006,M-02,Mitigates / observes,Analytical crosswalk,Strong inference,Rule-based v0.3 mapping; review during publication freeze.
IM-022,I-006,M-05,Mitigates / observes,Analytical crosswalk,Strong inference,Rule-based v0.3 mapping; review during publication freeze.
IM-023,I-006,M-06,Mitigates / observes,Analytical crosswalk,Strong inference,Rule-based v0.3 mapping; review during publication freeze.
IM-024,I-006,M-12,Mitigates / observes,Analytical crosswalk,Strong inference,Rule-based v0.3 mapping; review during publication freeze.
IM-025,I-006,M-14,Mitigates / observes,Analytical crosswalk,Strong inference,Rule-based v0.3 mapping; review during publication freeze.
IM-026,I-007,M-02,Mitigates / observes,Analytical crosswalk,Strong inference,Rule-based v0.3 mapping; review during publication freeze.
IM-027,I-007,M-03,Mitigates / observes,Analytical crosswalk,Strong inference,Rule-based v0.3 mapping; review during publication freeze.
IM-028,I-007,M-12,Mitigates / observes,Analytical crosswalk,Strong inference,Rule-based v0.3 mapping; review during publication freeze.
IM-029,I-007,M-13,Mitigates / observes,Analytical crosswalk,Strong inference,Rule-based v0.3 mapping; review during publication freeze.
IM-030,I-007,M-14,Mitigates / observes,Analytical crosswalk,Strong inference,Rule-based v0.3 mapping; review during publication freeze.
IM-031,I-008,M-07,Mitigates / observes,Analytical crosswalk,Strong inference,Rule-based v0.3 mapping; review during publication freeze.
IM-032,I-008,M-11,Mitigates / observes,Analytical crosswalk,Strong inference,Rule-based v0.3 mapping; review during publication freeze.
IM-033,I-008,M-13,Mitigates / observes,Analytical crosswalk,Strong inference,Rule-based v0.3 mapping; review during publication freeze.
IM-034,I-008,M-14,Mitigates / observes,Analytical crosswalk,Strong inference,Rule-based v0.3 mapping; review during publication freeze.
IM-035,I-009,M-02,Mitigates / observes,Analytical crosswalk,Strong inference,Rule-based v0.3 mapping; review during publication freeze.
IM-036,I-009,M-06,Mitigates / observes,Analytical crosswalk,Strong inference,Rule-based v0.3 mapping; review during publication freeze.
IM-037,I-009,M-14,Mitigates / observes,Analytical crosswalk,Strong inference,Rule-based v0.3 mapping; review during publication freeze.
IM-038,I-009,M-16,Mitigates / observes,Analytical crosswalk,Strong inference,Rule-based v0.3 mapping; review during publication freeze.
IM-039,I-010,M-03,Mitigates / observes,Analytical crosswalk,Strong inference,Rule-based v0.3 mapping; review during publication freeze.
IM-040,I-010,M-04,Mitigates / observes,Analytical crosswalk,Strong inference,Rule-based v0.3 mapping; review during publication freeze.
IM-041,I-010,M-05,Mitigates / observes,Analytical crosswalk,Strong inference,Rule-based v0.3 mapping; review during publication freeze.
IM-042,I-010,M-08,Mitigates / observes,Analytical crosswalk,Strong inference,Rule-based v0.3 mapping; review during publication freeze.
IM-043,I-010,M-12,Mitigates / observes,Analytical crosswalk,Strong inference,Rule-based v0.3 mapping; review during publication freeze.
IM-044,I-011,M-03,Mitigates / observes,Analytical crosswalk,Strong inference,Rule-based v0.3 mapping; review during publication freeze.
IM-045,I-011,M-04,Mitigates / observes,Analytical crosswalk,Strong inference,Rule-based v0.3 mapping; review during publication freeze.
IM-046,I-011,M-12,Mitigates / observes,Analytical crosswalk,Strong inference,Rule-based v0.3 mapping; review during publication freeze.
IM-047,I-011,M-14,Mitigates / observes,Analytical crosswalk,Strong inference,Rule-based v0.3 mapping; review during publication freeze.
IM-048,I-011,M-16,Mitigates / observes,Analytical crosswalk,Strong inference,Rule-based v0.3 mapping; review during publication freeze.
IM-049,I-012,M-10,Mitigates / observes,Analytical crosswalk,Strong inference,Rule-based v0.3 mapping; review during publication freeze.
IM-050,I-012,M-12,Mitigates / observes,Analytical crosswalk,Strong inference,Rule-based v0.3 mapping; review during publication freeze.
IM-051,I-012,M-13,Mitigates / observes,Analytical crosswalk,Strong inference,Rule-based v0.3 mapping; review during publication freeze.
IM-052,I-012,M-16,Mitigates / observes,Analytical crosswalk,Strong inference,Rule-based v0.3 mapping; review during publication freeze.
IM-053,I-013,M-05,Mitigates / observes,Analytical crosswalk,Strong inference,Rule-based v0.3 mapping; review during publication freeze.
IM-054,I-013,M-06,Mitigates / observes,Analytical crosswalk,Strong inference,Rule-based v0.3 mapping; review during publication freeze.
IM-055,I-013,M-09,Mitigates / observes,Analytical crosswalk,Strong inference,Rule-based v0.3 mapping; review during publication freeze.
IM-056,I-013,M-13,Mitigates / observes,Analytical crosswalk,Strong inference,Rule-based v0.3 mapping; review during publication freeze.
IM-057,I-013,M-16,Mitigates / observes,Analytical crosswalk,Strong inference,Rule-based v0.3 mapping; review during publication freeze.
IM-058,I-014,M-02,Mitigates / observes,Analytical crosswalk,Strong inference,Rule-based v0.3 mapping; review during publication freeze.
IM-059,I-014,M-16,Mitigates / observes,Analytical crosswalk,Strong inference,Rule-based v0.3 mapping; review during publication freeze.
IM-060,I-015,M-04,Mitigates / observes,Analytical crosswalk,Strong inference,Rule-based v0.3 mapping; review during publication freeze.
IM-061,I-015,M-06,Mitigates / observes,Analytical crosswalk,Strong inference,Rule-based v0.3 mapping; review during publication freeze.
IM-062,I-015,M-16,Mitigates / observes,Analytical crosswalk,Strong inference,Rule-based v0.3 mapping; review during publication freeze.
IM-063,I-016,M-02,Mitigates / observes,Analytical crosswalk,Strong inference,Rule-based v0.3 mapping; review during publication freeze.
IM-064,I-016,M-05,Mitigates / observes,Analytical crosswalk,Strong inference,Rule-based v0.3 mapping; review during publication freeze.
IM-065,I-016,M-12,Mitigates / observes,Analytical crosswalk,Strong inference,Rule-based v0.3 mapping; review during publication freeze.
IM-066,I-016,M-13,Mitigates / observes,Analytical crosswalk,Strong inference,Rule-based v0.3 mapping; review during publication freeze.
IM-067,I-016,M-14,Mitigates / observes,Analytical crosswalk,Strong inference,Rule-based v0.3 mapping; review during publication freeze.
IM-068,I-017,M-02,Mitigates / observes,Analytical crosswalk,Strong inference,Rule-based v0.3 mapping; review during publication freeze.
IM-069,I-017,M-12,Mitigates / observes,Analytical crosswalk,Strong inference,Rule-based v0.3 mapping; review during publication freeze.
IM-070,I-017,M-14,Mitigates / observes,Analytical crosswalk,Strong inference,Rule-based v0.3 mapping; review during publication freeze.
IM-071,I-017,M-16,Mitigates / observes,Analytical crosswalk,Strong inference,Rule-based v0.3 mapping; review during publication freeze.
IM-072,I-018,M-05,Mitigates / observes,Analytical crosswalk,Strong inference,Rule-based v0.3 mapping; review during publication freeze.
IM-073,I-018,M-12,Mitigates / observes,Analytical crosswalk,Strong inference,Rule-based v0.3 mapping; review during publication freeze.
IM-074,I-018,M-15,Mitigates / observes,Analytical crosswalk,Strong inference,Rule-based v0.3 mapping; review during publication freeze.
IM-075,I-018,M-16,Mitigates / observes,Analytical crosswalk,Strong inference,Rule-based v0.3 mapping; review during publication freeze.
IM-076,I-019,M-02,Mitigates / observes,Analytical crosswalk,Strong inference,Rule-based v0.3 mapping; review during publication freeze.
IM-077,I-019,M-06,Mitigates / observes,Analytical crosswalk,Strong inference,Rule-based v0.3 mapping; review during publication freeze.
IM-078,I-019,M-12,Mitigates / observes,Analytical crosswalk,Strong inference,Rule-based v0.3 mapping; review during publication freeze.
IM-079,I-019,M-14,Mitigates / observes,Analytical crosswalk,Strong inference,Rule-based v0.3 mapping; review during publication freeze.
IM-080,I-019,M-16,Mitigates / observes,Analytical crosswalk,Strong inference,Rule-based v0.3 mapping; review during publication freeze.
IM-081,I-020,M-05,Mitigates / observes,Analytical crosswalk,Strong inference,Rule-based v0.3 mapping; review during publication freeze.
IM-082,I-020,M-14,Mitigates / observes,Analytical crosswalk,Strong inference,Rule-based v0.3 mapping; review during publication freeze.
IM-083,I-020,M-15,Mitigates / observes,Analytical crosswalk,Strong inference,Rule-based v0.3 mapping; review during publication freeze.
IM-084,I-020,M-16,Mitigates / observes,Analytical crosswalk,Strong inference,Rule-based v0.3 mapping; review during publication freeze.
IM-085,I-021,M-05,Mitigates / observes,Analytical crosswalk,Strong inference,Rule-based v0.3 mapping; review during publication freeze.
IM-086,I-021,M-12,Mitigates / observes,Analytical crosswalk,Strong inference,Rule-based v0.3 mapping; review during publication freeze.
IM-087,I-021,M-16,Mitigates / observes,Analytical crosswalk,Strong inference,Rule-based v0.3 mapping; review during publication freeze.
IM-088,I-022,M-05,Mitigates / observes,Analytical crosswalk,Strong inference,Rule-based v0.3 mapping; review during publication freeze.
IM-089,I-022,M-16,Mitigates / observes,Analytical crosswalk,Strong inference,Rule-based v0.3 mapping; review during publication freeze.
IM-090,I-023,M-10,Mitigates / observes,Analytical crosswalk,Strong inference,Rule-based v0.3 mapping; review during publication freeze.
IM-091,I-023,M-15,Mitigates / observes,Analytical crosswalk,Strong inference,Rule-based v0.3 mapping; review during publication freeze.
IM-092,I-023,M-16,Mitigates / observes,Analytical crosswalk,Strong inference,Rule-based v0.3 mapping; review during publication freeze.
IM-093,I-024,M-10,Mitigates / observes,Analytical crosswalk,Strong inference,Rule-based v0.3 mapping; review during publication freeze.
IM-094,I-024,M-16,Mitigates / observes,Analytical crosswalk,Strong inference,Rule-based v0.3 mapping; review during publication freeze.
IM-095,I-025,M-02,Mitigates / observes,Analytical crosswalk,Strong inference,Rule-based v0.3 mapping; review during publication freeze.
IM-096,I-025,M-05,Mitigates / observes,Analytical crosswalk,Strong inference,Rule-based v0.3 mapping; review during publication freeze.
IM-097,I-025,M-16,Mitigates / observes,Analytical crosswalk,Strong inference,Rule-based v0.3 mapping; review during publication freeze.
IM-098,I-026,M-02,Mitigates / observes,Analytical crosswalk,Strong inference,Rule-based v0.3 mapping; review during publication freeze.
IM-099,I-026,M-12,Mitigates / observes,Analytical crosswalk,Strong inference,Rule-based v0.3 mapping; review during publication freeze.
IM-100,I-026,M-14,Mitigates / observes,Analytical crosswalk,Strong inference,Rule-based v0.3 mapping; review during publication freeze.
IM-101,I-026,M-16,Mitigates / observes,Analytical crosswalk,Strong inference,Rule-based v0.3 mapping; review during publication freeze.
IM-102,I-027,M-02,Mitigates / observes,Analytical crosswalk,Strong inference,Rule-based v0.3 mapping; review during publication freeze.
IM-103,I-027,M-05,Mitigates / observes,Analytical crosswalk,Strong inference,Rule-based v0.3 mapping; review during publication freeze.
IM-104,I-027,M-06,Mitigates / observes,Analytical crosswalk,Strong inference,Rule-based v0.3 mapping; review during publication freeze.
IM-105,I-027,M-16,Mitigates / observes,Analytical crosswalk,Strong inference,Rule-based v0.3 mapping; review during publication freeze.
IM-106,I-028,M-02,Mitigates / observes,Analytical crosswalk,Strong inference,Rule-based v0.3 mapping; review during publication freeze.
IM-107,I-028,M-06,Mitigates / observes,Analytical crosswalk,Strong inference,Rule-based v0.3 mapping; review during publication freeze.
IM-108,I-028,M-13,Mitigates / observes,Analytical crosswalk,Strong inference,Rule-based v0.3 mapping; review during publication freeze.
IM-109,I-028,M-16,Mitigates / observes,Analytical crosswalk,Strong inference,Rule-based v0.3 mapping; review during publication freeze.
IM-110,I-029,M-08,Mitigates / observes,Analytical crosswalk,Strong inference,Rule-based v0.3 mapping; review during publication freeze.
IM-111,I-029,M-12,Mitigates / observes,Analytical crosswalk,Strong inference,Rule-based v0.3 mapping; review during publication freeze.
IM-112,I-029,M-13,Mitigates / observes,Analytical crosswalk,Strong inference,Rule-based v0.3 mapping; review during publication freeze.
IM-113,I-029,M-14,Mitigates / observes,Analytical crosswalk,Strong inference,Rule-based v0.3 mapping; review during publication freeze.
IM-114,I-029,M-15,Mitigates / observes,Analytical crosswalk,Strong inference,Rule-based v0.3 mapping; review during publication freeze.
IM-115,I-030,M-06,Mitigates / observes,Analytical crosswalk,Strong inference,Rule-based v0.3 mapping; review during publication freeze.
IM-116,I-030,M-14,Mitigates / observes,Analytical crosswalk,Strong inference,Rule-based v0.3 mapping; review during publication freeze.
IM-117,I-030,M-16,Mitigates / observes,Analytical crosswalk,Strong inference,Rule-based v0.3 mapping; review during publication freeze.
IM-118,I-031,M-03,Mitigates / observes,Analytical crosswalk,Strong inference,Rule-based v0.3 mapping; review during publication freeze.
IM-119,I-031,M-04,Mitigates / observes,Analytical crosswalk,Strong inference,Rule-based v0.3 mapping; review during publication freeze.
IM-120,I-031,M-05,Mitigates / observes,Analytical crosswalk,Strong inference,Rule-based v0.3 mapping; review during publication freeze.
IM-121,I-031,M-09,Mitigates / observes,Analytical crosswalk,Strong inference,Rule-based v0.3 mapping; review during publication freeze.
IM-122,I-031,M-12,Mitigates / observes,Analytical crosswalk,Strong inference,Rule-based v0.3 mapping; review during publication freeze.
IM-123,I-032,M-14,Mitigates / observes,Analytical crosswalk,Strong inference,Rule-based v0.3 mapping; review during publication freeze.
IM-124,I-032,M-15,Mitigates / observes,Analytical crosswalk,Strong inference,Rule-based v0.3 mapping; review during publication freeze.
IM-125,I-032,M-16,Mitigates / observes,Analytical crosswalk,Strong inference,Rule-based v0.3 mapping; review during publication freeze.
IM-126,I-033,M-02,Mitigates / observes,Analytical crosswalk,Strong inference,Rule-based v0.3 mapping; review during publication freeze.
IM-127,I-033,M-05,Mitigates / observes,Analytical crosswalk,Strong inference,Rule-based v0.3 mapping; review during publication freeze.
IM-128,I-033,M-12,Mitigates / observes,Analytical crosswalk,Strong inference,Rule-based v0.3 mapping; review during publication freeze.
IM-129,I-033,M-13,Mitigates / observes,Analytical crosswalk,Strong inference,Rule-based v0.3 mapping; review during publication freeze.
IM-130,I-033,M-14,Mitigates / observes,Analytical crosswalk,Strong inference,Rule-based v0.3 mapping; review during publication freeze.
IM-131,I-034,M-05,Mitigates / observes,Analytical crosswalk,Strong inference,Rule-based v0.3 mapping; review during publication freeze.
IM-132,I-034,M-12,Mitigates / observes,Analytical crosswalk,Strong inference,Rule-based v0.3 mapping; review during publication freeze.
IM-133,I-034,M-14,Mitigates / observes,Analytical crosswalk,Strong inference,Rule-based v0.3 mapping; review during publication freeze.
IM-134,I-034,M-16,Mitigates / observes,Analytical crosswalk,Strong inference,Rule-based v0.3 mapping; review during publication freeze.
IM-135,I-035,M-14,Mitigates / observes,Analytical crosswalk,Strong inference,Rule-based v0.3 mapping; review during publication freeze.
IM-136,I-035,M-15,Mitigates / observes,Analytical crosswalk,Strong inference,Rule-based v0.3 mapping; review during publication freeze.
IM-137,I-035,M-16,Mitigates / observes,Analytical crosswalk,Strong inference,Rule-based v0.3 mapping; review during publication freeze.
IM-138,I-036,M-12,Mitigates / observes,Analytical crosswalk,Strong inference,Rule-based v0.3 mapping; review during publication freeze.
IM-139,I-036,M-14,Mitigates / observes,Analytical crosswalk,Strong inference,Rule-based v0.3 mapping; review during publication freeze.
IM-140,I-036,M-16,Mitigates / observes,Analytical crosswalk,Strong inference,Rule-based v0.3 mapping; review during publication freeze.
IM-141,I-037,M-14,Mitigates / observes,Analytical crosswalk,Strong inference,Rule-based v0.3 mapping; review during publication freeze.
IM-142,I-037,M-16,Mitigates / observes,Analytical crosswalk,Strong inference,Rule-based v0.3 mapping; review during publication freeze.
IM-143,I-038,M-02,Mitigates / observes,Analytical crosswalk,Strong inference,Rule-based v0.3 mapping; review during publication freeze.
IM-144,I-038,M-05,Mitigates / observes,Analytical crosswalk,Strong inference,Rule-based v0.3 mapping; review during publication freeze.
IM-145,I-038,M-09,Mitigates / observes,Analytical crosswalk,Strong inference,Rule-based v0.3 mapping; review during publication freeze.
IM-146,I-038,M-13,Mitigates / observes,Analytical crosswalk,Strong inference,Rule-based v0.3 mapping; review during publication freeze.
IM-147,I-038,M-14,Mitigates / observes,Analytical crosswalk,Strong inference,Rule-based v0.3 mapping; review during publication freeze.
IM-148,I-039,M-05,Mitigates / observes,Analytical crosswalk,Strong inference,Rule-based v0.3 mapping; review during publication freeze.
IM-149,I-039,M-13,Mitigates / observes,Analytical crosswalk,Strong inference,Rule-based v0.3 mapping; review during publication freeze.
IM-150,I-039,M-14,Mitigates / observes,Analytical crosswalk,Strong inference,Rule-based v0.3 mapping; review during publication freeze.
IM-151,I-039,M-15,Mitigates / observes,Analytical crosswalk,Strong inference,Rule-based v0.3 mapping; review during publication freeze.
IM-152,I-039,M-16,Mitigates / observes,Analytical crosswalk,Strong inference,Rule-based v0.3 mapping; review during publication freeze.
IM-153,I-040,M-05,Mitigates / observes,Analytical crosswalk,Strong inference,Rule-based v0.3 mapping; review during publication freeze.
IM-154,I-040,M-12,Mitigates / observes,Analytical crosswalk,Strong inference,Rule-based v0.3 mapping; review during publication freeze.
IM-155,I-040,M-13,Mitigates / observes,Analytical crosswalk,Strong inference,Rule-based v0.3 mapping; review during publication freeze.
IM-156,I-040,M-14,Mitigates / observes,Analytical crosswalk,Strong inference,Rule-based v0.3 mapping; review during publication freeze.
IM-157,I-040,M-15,Mitigates / observes,Analytical crosswalk,Strong inference,Rule-based v0.3 mapping; review during publication freeze.
IM-158,I-041,M-12,Mitigates / observes,Analytical crosswalk,Strong inference,Rule-based v0.3 mapping; review during publication freeze.
IM-159,I-041,M-13,Mitigates / observes,Analytical crosswalk,Strong inference,Rule-based v0.3 mapping; review during publication freeze.
IM-160,I-041,M-14,Mitigates / observes,Analytical crosswalk,Strong inference,Rule-based v0.3 mapping; review during publication freeze.
IM-161,I-041,M-16,Mitigates / observes,Analytical crosswalk,Strong inference,Rule-based v0.3 mapping; review during publication freeze.
IM-162,I-042,M-05,Mitigates / observes,Analytical crosswalk,Strong inference,Rule-based v0.3 mapping; review during publication freeze.
IM-163,I-042,M-09,Mitigates / observes,Analytical crosswalk,Strong inference,Rule-based v0.3 mapping; review during publication freeze.
IM-164,I-042,M-10,Mitigates / observes,Analytical crosswalk,Strong inference,Rule-based v0.3 mapping; review during publication freeze.
IM-165,I-042,M-12,Mitigates / observes,Analytical crosswalk,Strong inference,Rule-based v0.3 mapping; review during publication freeze.
IM-166,I-042,M-13,Mitigates / observes,Analytical crosswalk,Strong inference,Rule-based v0.3 mapping; review during publication freeze.
IM-167,I-043,M-03,Mitigates / observes,Analytical crosswalk,Strong inference,Rule-based v0.3 mapping; review during publication freeze.
IM-168,I-043,M-05,Mitigates / observes,Analytical crosswalk,Strong inference,Rule-based v0.3 mapping; review during publication freeze.
IM-169,I-043,M-09,Mitigates / observes,Analytical crosswalk,Strong inference,Rule-based v0.3 mapping; review during publication freeze.
IM-170,I-043,M-10,Mitigates / observes,Analytical crosswalk,Strong inference,Rule-based v0.3 mapping; review during publication freeze.
IM-171,I-043,M-12,Mitigates / observes,Analytical crosswalk,Strong inference,Rule-based v0.3 mapping; review during publication freeze.
IM-172,I-044,M-05,Mitigates / observes,Analytical crosswalk,Strong inference,Rule-based v0.3 mapping; review during publication freeze.
IM-173,I-044,M-06,Mitigates / observes,Analytical crosswalk,Strong inference,Rule-based v0.3 mapping; review during publication freeze.
IM-174,I-044,M-14,Mitigates / observes,Analytical crosswalk,Strong inference,Rule-based v0.3 mapping; review during publication freeze.
IM-175,I-044,M-15,Mitigates / observes,Analytical crosswalk,Strong inference,Rule-based v0.3 mapping; review during publication freeze.
IM-176,I-044,M-16,Mitigates / observes,Analytical crosswalk,Strong inference,Rule-based v0.3 mapping; review during publication freeze.
IM-177,I-045,M-03,Mitigates / observes,Analytical crosswalk,Strong inference,Rule-based v0.3 mapping; review during publication freeze.
IM-178,I-045,M-09,Mitigates / observes,Analytical crosswalk,Strong inference,Rule-based v0.3 mapping; review during publication freeze.
IM-179,I-045,M-14,Mitigates / observes,Analytical crosswalk,Strong inference,Rule-based v0.3 mapping; review during publication freeze.
IM-180,I-045,M-16,Mitigates / observes,Analytical crosswalk,Strong inference,Rule-based v0.3 mapping; review during publication freeze.
IM-181,I-046,M-05,Mitigates / observes,Analytical crosswalk,Strong inference,Rule-based v0.3 mapping; review during publication freeze.
IM-182,I-046,M-12,Mitigates / observes,Analytical crosswalk,Strong inference,Rule-based v0.3 mapping; review during publication freeze.
IM-183,I-046,M-14,Mitigates / observes,Analytical crosswalk,Strong inference,Rule-based v0.3 mapping; review during publication freeze.
IM-184,I-046,M-16,Mitigates / observes,Analytical crosswalk,Strong inference,Rule-based v0.3 mapping; review during publication freeze.
IM-185,I-047,M-02,Mitigates / observes,Analytical crosswalk,Strong inference,Rule-based v0.3 mapping; review during publication freeze.
IM-186,I-047,M-04,Mitigates / observes,Analytical crosswalk,Strong inference,Rule-based v0.3 mapping; review during publication freeze.
IM-187,I-047,M-05,Mitigates / observes,Analytical crosswalk,Strong inference,Rule-based v0.3 mapping; review during publication freeze.
IM-188,I-047,M-12,Mitigates / observes,Analytical crosswalk,Strong inference,Rule-based v0.3 mapping; review during publication freeze.
IM-189,I-047,M-13,Mitigates / observes,Analytical crosswalk,Strong inference,Rule-based v0.3 mapping; review during publication freeze.
IM-190,I-048,M-12,Mitigates / observes,Analytical crosswalk,Strong inference,Rule-based v0.3 mapping; review during publication freeze.
IM-191,I-048,M-13,Mitigates / observes,Analytical crosswalk,Strong inference,Rule-based v0.3 mapping; review during publication freeze.
IM-192,I-048,M-14,Mitigates / observes,Analytical crosswalk,Strong inference,Rule-based v0.3 mapping; review during publication freeze.
IM-193,I-048,M-16,Mitigates / observes,Analytical crosswalk,Strong inference,Rule-based v0.3 mapping; review during publication freeze.
IM-194,I-049,M-03,Mitigates / observes,Analytical crosswalk,Strong inference,Rule-based v0.3 mapping; review during publication freeze.
IM-195,I-049,M-09,Mitigates / observes,Analytical crosswalk,Strong inference,Rule-based v0.3 mapping; review during publication freeze.
IM-196,I-049,M-11,Mitigates / observes,Analytical crosswalk,Strong inference,Rule-based v0.3 mapping; review during publication freeze.
IM-197,I-049,M-13,Mitigates / observes,Analytical crosswalk,Strong inference,Rule-based v0.3 mapping; review during publication freeze.
IM-198,I-049,M-14,Mitigates / observes,Analytical crosswalk,Strong inference,Rule-based v0.3 mapping; review during publication freeze.
IM-199,I-050,M-03,Mitigates / observes,Analytical crosswalk,Strong inference,Rule-based v0.3 mapping; review during publication freeze.
IM-200,I-050,M-09,Mitigates / observes,Analytical crosswalk,Strong inference,Rule-based v0.3 mapping; review during publication freeze.
IM-201,I-050,M-11,Mitigates / observes,Analytical crosswalk,Strong inference,Rule-based v0.3 mapping; review during publication freeze.
IM-202,I-050,M-14,Mitigates / observes,Analytical crosswalk,Strong inference,Rule-based v0.3 mapping; review during publication freeze.
IM-203,I-050,M-16,Mitigates / observes,Analytical crosswalk,Strong inference,Rule-based v0.3 mapping; review during publication freeze.
IM-204,I-051,M-03,Mitigates / observes,Analytical crosswalk,Strong inference,Rule-based v0.3 mapping; review during publication freeze.
IM-205,I-051,M-05,Mitigates / observes,Analytical crosswalk,Strong inference,Rule-based v0.3 mapping; review during publication freeze.
IM-206,I-051,M-06,Mitigates / observes,Analytical crosswalk,Strong inference,Rule-based v0.3 mapping; review during publication freeze.
IM-207,I-051,M-09,Mitigates / observes,Analytical crosswalk,Strong inference,Rule-based v0.3 mapping; review during publication freeze.
IM-208,I-051,M-10,Mitigates / observes,Analytical crosswalk,Strong inference,Rule-based v0.3 mapping; review during publication freeze.
IM-209,I-052,M-05,Mitigates / observes,Analytical crosswalk,Strong inference,Rule-based v0.3 mapping; review during publication freeze.
IM-210,I-052,M-08,Mitigates / observes,Analytical crosswalk,Strong inference,Rule-based v0.3 mapping; review during publication freeze.
IM-211,I-052,M-09,Mitigates / observes,Analytical crosswalk,Strong inference,Rule-based v0.3 mapping; review during publication freeze.
IM-212,I-052,M-13,Mitigates / observes,Analytical crosswalk,Strong inference,Rule-based v0.3 mapping; review during publication freeze.
IM-213,I-052,M-14,Mitigates / observes,Analytical crosswalk,Strong inference,Rule-based v0.3 mapping; review during publication freeze.
IM-214,I-053,M-03,Mitigates / observes,Analytical crosswalk,Strong inference,Rule-based v0.3 mapping; review during publication freeze.
IM-215,I-053,M-05,Mitigates / observes,Analytical crosswalk,Strong inference,Rule-based v0.3 mapping; review during publication freeze.
IM-216,I-053,M-08,Mitigates / observes,Analytical crosswalk,Strong inference,Rule-based v0.3 mapping; review during publication freeze.
IM-217,I-053,M-09,Mitigates / observes,Analytical crosswalk,Strong inference,Rule-based v0.3 mapping; review during publication freeze.
IM-218,I-053,M-10,Mitigates / observes,Analytical crosswalk,Strong inference,Rule-based v0.3 mapping; review during publication freeze.
IM-219,I-054,M-08,Mitigates / observes,Analytical crosswalk,Strong inference,Rule-based v0.3 mapping; review during publication freeze.
IM-220,I-054,M-10,Mitigates / observes,Analytical crosswalk,Strong inference,Rule-based v0.3 mapping; review during publication freeze.
IM-221,I-054,M-12,Mitigates / observes,Analytical crosswalk,Strong inference,Rule-based v0.3 mapping; review during publication freeze.
IM-222,I-054,M-13,Mitigates / observes,Analytical crosswalk,Strong inference,Rule-based v0.3 mapping; review during publication freeze.
IM-223,I-054,M-14,Mitigates / observes,Analytical crosswalk,Strong inference,Rule-based v0.3 mapping; review during publication freeze.
IM-224,I-055,M-05,Mitigates / observes,Analytical crosswalk,Strong inference,Rule-based v0.3 mapping; review during publication freeze.
IM-225,I-055,M-10,Mitigates / observes,Analytical crosswalk,Strong inference,Rule-based v0.3 mapping; review during publication freeze.
IM-226,I-055,M-12,Mitigates / observes,Analytical crosswalk,Strong inference,Rule-based v0.3 mapping; review during publication freeze.
IM-227,I-055,M-13,Mitigates / observes,Analytical crosswalk,Strong inference,Rule-based v0.3 mapping; review during publication freeze.
IM-228,I-055,M-14,Mitigates / observes,Analytical crosswalk,Strong inference,Rule-based v0.3 mapping; review during publication freeze.
IM-229,I-056,M-03,Mitigates / observes,Analytical crosswalk,Strong inference,Rule-based v0.3 mapping; review during publication freeze.
IM-230,I-056,M-05,Mitigates / observes,Analytical crosswalk,Strong inference,Rule-based v0.3 mapping; review during publication freeze.
IM-231,I-056,M-11,Mitigates / observes,Analytical crosswalk,Strong inference,Rule-based v0.3 mapping; review during publication freeze.
IM-232,I-056,M-13,Mitigates / observes,Analytical crosswalk,Strong inference,Rule-based v0.3 mapping; review during publication freeze.
IM-233,I-056,M-14,Mitigates / observes,Analytical crosswalk,Strong inference,Rule-based v0.3 mapping; review during publication freeze.
IM-234,I-057,M-05,Mitigates / observes,Analytical crosswalk,Strong inference,Rule-based v0.3 mapping; review during publication freeze.
IM-235,I-057,M-09,Mitigates / observes,Analytical crosswalk,Strong inference,Rule-based v0.3 mapping; review during publication freeze.
IM-236,I-057,M-12,Mitigates / observes,Analytical crosswalk,Strong inference,Rule-based v0.3 mapping; review during publication freeze.
IM-237,I-057,M-14,Mitigates / observes,Analytical crosswalk,Strong inference,Rule-based v0.3 mapping; review during publication freeze.
IM-238,I-057,M-16,Mitigates / observes,Analytical crosswalk,Strong inference,Rule-based v0.3 mapping; review during publication freeze.
IM-239,I-058,M-08,Mitigates / observes,Analytical crosswalk,Strong inference,Rule-based v0.3 mapping; review during publication freeze.
IM-240,I-058,M-09,Mitigates / observes,Analytical crosswalk,Strong inference,Rule-based v0.3 mapping; review during publication freeze.
IM-241,I-058,M-11,Mitigates / observes,Analytical crosswalk,Strong inference,Rule-based v0.3 mapping; review during publication freeze.
IM-242,I-058,M-13,Mitigates / observes,Analytical crosswalk,Strong inference,Rule-based v0.3 mapping; review during publication freeze.
IM-243,I-058,M-14,Mitigates / observes,Analytical crosswalk,Strong inference,Rule-based v0.3 mapping; review during publication freeze.
IM-244,I-059,M-03,Mitigates / observes,Analytical crosswalk,Strong inference,Rule-based v0.3 mapping; review during publication freeze.
IM-245,I-059,M-05,Mitigates / observes,Analytical crosswalk,Strong inference,Rule-based v0.3 mapping; review during publication freeze.
IM-246,I-059,M-09,Mitigates / observes,Analytical crosswalk,Strong inference,Rule-based v0.3 mapping; review during publication freeze.
IM-247,I-059,M-12,Mitigates / observes,Analytical crosswalk,Strong inference,Rule-based v0.3 mapping; review during publication freeze.
IM-248,I-059,M-14,Mitigates / observes,Analytical crosswalk,Strong inference,Rule-based v0.3 mapping; review during publication freeze.
IM-249,I-060,M-05,Mitigates / observes,Analytical crosswalk,Strong inference,Rule-based v0.3 mapping; review during publication freeze.
IM-250,I-060,M-08,Mitigates / observes,Analytical crosswalk,Strong inference,Rule-based v0.3 mapping; review during publication freeze.
IM-251,I-060,M-16,Mitigates / observes,Analytical crosswalk,Strong inference,Rule-based v0.3 mapping; review during publication freeze.
IM-252,I-061,M-06,Mitigates / observes,Analytical crosswalk,Strong inference,Rule-based v0.3 mapping; review during publication freeze.
IM-253,I-061,M-08,Mitigates / observes,Analytical crosswalk,Strong inference,Rule-based v0.3 mapping; review during publication freeze.
IM-254,I-061,M-13,Mitigates / observes,Analytical crosswalk,Strong inference,Rule-based v0.3 mapping; review during publication freeze.
IM-255,I-061,M-16,Mitigates / observes,Analytical crosswalk,Strong inference,Rule-based v0.3 mapping; review during publication freeze.
IM-256,I-062,M-03,Mitigates / observes,Analytical crosswalk,Strong inference,Rule-based v0.3 mapping; review during publication freeze.
IM-257,I-062,M-08,Mitigates / observes,Analytical crosswalk,Strong inference,Rule-based v0.3 mapping; review during publication freeze.
IM-258,I-062,M-09,Mitigates / observes,Analytical crosswalk,Strong inference,Rule-based v0.3 mapping; review during publication freeze.
IM-259,I-062,M-13,Mitigates / observes,Analytical crosswalk,Strong inference,Rule-based v0.3 mapping; review during publication freeze.
IM-260,I-062,M-16,Mitigates / observes,Analytical crosswalk,Strong inference,Rule-based v0.3 mapping; review during publication freeze.
IM-261,I-063,M-08,Mitigates / observes,Analytical crosswalk,Strong inference,Rule-based v0.3 mapping; review during publication freeze.
IM-262,I-063,M-09,Mitigates / observes,Analytical crosswalk,Strong inference,Rule-based v0.3 mapping; review during publication freeze.
IM-263,I-063,M-13,Mitigates / observes,Analytical crosswalk,Strong inference,Rule-based v0.3 mapping; review during publication freeze.
IM-264,I-063,M-14,Mitigates / observes,Analytical crosswalk,Strong inference,Rule-based v0.3 mapping; review during publication freeze.
IM-265,I-063,M-16,Mitigates / observes,Analytical crosswalk,Strong inference,Rule-based v0.3 mapping; review during publication freeze.
IM-266,I-064,M-05,Mitigates / observes,Analytical crosswalk,Strong inference,Rule-based v0.3 mapping; review during publication freeze.
IM-267,I-064,M-08,Mitigates / observes,Analytical crosswalk,Strong inference,Rule-based v0.3 mapping; review during publication freeze.
IM-268,I-064,M-09,Mitigates / observes,Analytical crosswalk,Strong inference,Rule-based v0.3 mapping; review during publication freeze.
IM-269,I-064,M-13,Mitigates / observes,Analytical crosswalk,Strong inference,Rule-based v0.3 mapping; review during publication freeze.
IM-270,I-064,M-15,Mitigates / observes,Analytical crosswalk,Strong inference,Rule-based v0.3 mapping; review during publication freeze.
IM-271,I-065,M-05,Mitigates / observes,Analytical crosswalk,Strong inference,Rule-based v0.3 mapping; review during publication freeze.
IM-272,I-065,M-06,Mitigates / observes,Analytical crosswalk,Strong inference,Rule-based v0.3 mapping; review during publication freeze.
IM-273,I-065,M-09,Mitigates / observes,Analytical crosswalk,Strong inference,Rule-based v0.3 mapping; review during publication freeze.
IM-274,I-065,M-11,Mitigates / observes,Analytical crosswalk,Strong inference,Rule-based v0.3 mapping; review during publication freeze.
IM-275,I-065,M-14,Mitigates / observes,Analytical crosswalk,Strong inference,Rule-based v0.3 mapping; review during publication freeze.
IM-276,I-066,M-03,Mitigates / observes,Analytical crosswalk,Strong inference,Rule-based v0.3 mapping; review during publication freeze.
IM-277,I-066,M-05,Mitigates / observes,Analytical crosswalk,Strong inference,Rule-based v0.3 mapping; review during publication freeze.
IM-278,I-066,M-08,Mitigates / observes,Analytical crosswalk,Strong inference,Rule-based v0.3 mapping; review during publication freeze.
IM-279,I-066,M-14,Mitigates / observes,Analytical crosswalk,Strong inference,Rule-based v0.3 mapping; review during publication freeze.
IM-280,I-066,M-16,Mitigates / observes,Analytical crosswalk,Strong inference,Rule-based v0.3 mapping; review during publication freeze.
IM-281,I-067,M-05,Mitigates / observes,Analytical crosswalk,Strong inference,Rule-based v0.3 mapping; review during publication freeze.
IM-282,I-067,M-10,Mitigates / observes,Analytical crosswalk,Strong inference,Rule-based v0.3 mapping; review during publication freeze.
IM-283,I-067,M-11,Mitigates / observes,Analytical crosswalk,Strong inference,Rule-based v0.3 mapping; review during publication freeze.
IM-284,I-067,M-13,Mitigates / observes,Analytical crosswalk,Strong inference,Rule-based v0.3 mapping; review during publication freeze.
IM-285,I-067,M-15,Mitigates / observes,Analytical crosswalk,Strong inference,Rule-based v0.3 mapping; review during publication freeze.
IM-286,I-068,M-03,Mitigates / observes,Analytical crosswalk,Strong inference,Rule-based v0.3 mapping; review during publication freeze.
IM-287,I-068,M-08,Mitigates / observes,Analytical crosswalk,Strong inference,Rule-based v0.3 mapping; review during publication freeze.
IM-288,I-068,M-13,Mitigates / observes,Analytical crosswalk,Strong inference,Rule-based v0.3 mapping; review during publication freeze.
IM-289,I-068,M-14,Mitigates / observes,Analytical crosswalk,Strong inference,Rule-based v0.3 mapping; review during publication freeze.
IM-290,I-068,M-16,Mitigates / observes,Analytical crosswalk,Strong inference,Rule-based v0.3 mapping; review during publication freeze.
IM-291,I-069,M-03,Mitigates / observes,Analytical crosswalk,Strong inference,Rule-based v0.3 mapping; review during publication freeze.
IM-292,I-069,M-08,Mitigates / observes,Analytical crosswalk,Strong inference,Rule-based v0.3 mapping; review during publication freeze.
IM-293,I-069,M-09,Mitigates / observes,Analytical crosswalk,Strong inference,Rule-based v0.3 mapping; review during publication freeze.
IM-294,I-069,M-11,Mitigates / observes,Analytical crosswalk,Strong inference,Rule-based v0.3 mapping; review during publication freeze.
IM-295,I-069,M-13,Mitigates / observes,Analytical crosswalk,Strong inference,Rule-based v0.3 mapping; review during publication freeze.
IM-296,I-070,M-03,Mitigates / observes,Analytical crosswalk,Strong inference,Rule-based v0.3 mapping; review during publication freeze.
IM-297,I-070,M-08,Mitigates / observes,Analytical crosswalk,Strong inference,Rule-based v0.3 mapping; review during publication freeze.
IM-298,I-070,M-09,Mitigates / observes,Analytical crosswalk,Strong inference,Rule-based v0.3 mapping; review during publication freeze.
IM-299,I-070,M-12,Mitigates / observes,Analytical crosswalk,Strong inference,Rule-based v0.3 mapping; review during publication freeze.
IM-300,I-070,M-13,Mitigates / observes,Analytical crosswalk,Strong inference,Rule-based v0.3 mapping; review during publication freeze.
IM-301,I-071,M-08,Mitigates / observes,Analytical crosswalk,Strong inference,Rule-based v0.3 mapping; review during publication freeze.
IM-302,I-071,M-09,Mitigates / observes,Analytical crosswalk,Strong inference,Rule-based v0.3 mapping; review during publication freeze.
IM-303,I-071,M-13,Mitigates / observes,Analytical crosswalk,Strong inference,Rule-based v0.3 mapping; review during publication freeze.
IM-304,I-071,M-16,Mitigates / observes,Analytical crosswalk,Strong inference,Rule-based v0.3 mapping; review during publication freeze.
IM-305,I-072,M-03,Mitigates / observes,Analytical crosswalk,Strong inference,Rule-based v0.3 mapping; review during publication freeze.
IM-306,I-072,M-05,Mitigates / observes,Analytical crosswalk,Strong inference,Rule-based v0.3 mapping; review during publication freeze.
IM-307,I-072,M-06,Mitigates / observes,Analytical crosswalk,Strong inference,Rule-based v0.3 mapping; review during publication freeze.
IM-308,I-072,M-08,Mitigates / observes,Analytical crosswalk,Strong inference,Rule-based v0.3 mapping; review during publication freeze.
IM-309,I-072,M-10,Mitigates / observes,Analytical crosswalk,Strong inference,Rule-based v0.3 mapping; review during publication freeze.
IM-310,I-073,M-08,Mitigates / observes,Analytical crosswalk,Strong inference,Rule-based v0.3 mapping; review during publication freeze.
IM-311,I-073,M-09,Mitigates / observes,Analytical crosswalk,Strong inference,Rule-based v0.3 mapping; review during publication freeze.
IM-312,I-073,M-11,Mitigates / observes,Analytical crosswalk,Strong inference,Rule-based v0.3 mapping; review during publication freeze.
IM-313,I-073,M-13,Mitigates / observes,Analytical crosswalk,Strong inference,Rule-based v0.3 mapping; review during publication freeze.
IM-314,I-073,M-14,Mitigates / observes,Analytical crosswalk,Strong inference,Rule-based v0.3 mapping; review during publication freeze.
IM-315,I-074,M-03,Mitigates / observes,Analytical crosswalk,Strong inference,Rule-based v0.3 mapping; review during publication freeze.
IM-316,I-074,M-05,Mitigates / observes,Analytical crosswalk,Strong inference,Rule-based v0.3 mapping; review during publication freeze.
IM-317,I-074,M-06,Mitigates / observes,Analytical crosswalk,Strong inference,Rule-based v0.3 mapping; review during publication freeze.
IM-318,I-074,M-07,Mitigates / observes,Analytical crosswalk,Strong inference,Rule-based v0.3 mapping; review during publication freeze.
IM-319,I-074,M-09,Mitigates / observes,Analytical crosswalk,Strong inference,Rule-based v0.3 mapping; review during publication freeze.
IM-320,I-075,M-05,Mitigates / observes,Analytical crosswalk,Strong inference,Rule-based v0.3 mapping; review during publication freeze.
IM-321,I-075,M-09,Mitigates / observes,Analytical crosswalk,Strong inference,Rule-based v0.3 mapping; review during publication freeze.
IM-322,I-075,M-10,Mitigates / observes,Analytical crosswalk,Strong inference,Rule-based v0.3 mapping; review during publication freeze.
IM-323,I-075,M-12,Mitigates / observes,Analytical crosswalk,Strong inference,Rule-based v0.3 mapping; review during publication freeze.
IM-324,I-075,M-13,Mitigates / observes,Analytical crosswalk,Strong inference,Rule-based v0.3 mapping; review during publication freeze.
IM-325,I-076,M-03,Mitigates / observes,Analytical crosswalk,Strong inference,Rule-based v0.3 mapping; review during publication freeze.
IM-326,I-076,M-05,Mitigates / observes,Analytical crosswalk,Strong inference,Rule-based v0.3 mapping; review during publication freeze.
IM-327,I-076,M-09,Mitigates / observes,Analytical crosswalk,Strong inference,Rule-based v0.3 mapping; review during publication freeze.
IM-328,I-076,M-11,Mitigates / observes,Analytical crosswalk,Strong inference,Rule-based v0.3 mapping; review during publication freeze.
IM-329,I-076,M-12,Mitigates / observes,Analytical crosswalk,Strong inference,Rule-based v0.3 mapping; review during publication freeze.
IM-330,I-077,M-02,Mitigates / observes,Analytical crosswalk,Strong inference,Rule-based v0.3 mapping; review during publication freeze.
IM-331,I-077,M-04,Mitigates / observes,Analytical crosswalk,Strong inference,Rule-based v0.3 mapping; review during publication freeze.
IM-332,I-077,M-05,Mitigates / observes,Analytical crosswalk,Strong inference,Rule-based v0.3 mapping; review during publication freeze.
IM-333,I-077,M-09,Mitigates / observes,Analytical crosswalk,Strong inference,Rule-based v0.3 mapping; review during publication freeze.
IM-334,I-077,M-12,Mitigates / observes,Analytical crosswalk,Strong inference,Rule-based v0.3 mapping; review during publication freeze.
IM-335,I-078,M-03,Mitigates / observes,Analytical crosswalk,Strong inference,Rule-based v0.3 mapping; review during publication freeze.
IM-336,I-078,M-09,Mitigates / observes,Analytical crosswalk,Strong inference,Rule-based v0.3 mapping; review during publication freeze.
IM-337,I-078,M-14,Mitigates / observes,Analytical crosswalk,Strong inference,Rule-based v0.3 mapping; review during publication freeze.
IM-338,I-078,M-15,Mitigates / observes,Analytical crosswalk,Strong inference,Rule-based v0.3 mapping; review during publication freeze.
IM-339,I-078,M-16,Mitigates / observes,Analytical crosswalk,Strong inference,Rule-based v0.3 mapping; review during publication freeze.
IM-340,I-079,M-05,Mitigates / observes,Analytical crosswalk,Strong inference,Rule-based v0.3 mapping; review during publication freeze.
IM-341,I-079,M-11,Mitigates / observes,Analytical crosswalk,Strong inference,Rule-based v0.3 mapping; review during publication freeze.
IM-342,I-079,M-12,Mitigates / observes,Analytical crosswalk,Strong inference,Rule-based v0.3 mapping; review during publication freeze.
IM-343,I-079,M-13,Mitigates / observes,Analytical crosswalk,Strong inference,Rule-based v0.3 mapping; review during publication freeze.
IM-344,I-079,M-14,Mitigates / observes,Analytical crosswalk,Strong inference,Rule-based v0.3 mapping; review during publication freeze.
IM-345,I-080,M-05,Mitigates / observes,Analytical crosswalk,Strong inference,Rule-based v0.3 mapping; review during publication freeze.
IM-346,I-080,M-10,Mitigates / observes,Analytical crosswalk,Strong inference,Rule-based v0.3 mapping; review during publication freeze.
IM-347,I-080,M-11,Mitigates / observes,Analytical crosswalk,Strong inference,Rule-based v0.3 mapping; review during publication freeze.
IM-348,I-080,M-14,Mitigates / observes,Analytical crosswalk,Strong inference,Rule-based v0.3 mapping; review during publication freeze.
IM-349,I-080,M-15,Mitigates / observes,Analytical crosswalk,Strong inference,Rule-based v0.3 mapping; review during publication freeze.
IM-350,I-081,M-01,Mitigates / observes,Analytical crosswalk,Strong inference,Rule-based v0.3 mapping; review during publication freeze.
IM-351,I-081,M-03,Mitigates / observes,Analytical crosswalk,Strong inference,Rule-based v0.3 mapping; review during publication freeze.
IM-352,I-081,M-12,Mitigates / observes,Analytical crosswalk,Strong inference,Rule-based v0.3 mapping; review during publication freeze.
IM-353,I-081,M-13,Mitigates / observes,Analytical crosswalk,Strong inference,Rule-based v0.3 mapping; review during publication freeze.
IM-354,I-081,M-14,Mitigates / observes,Analytical crosswalk,Strong inference,Rule-based v0.3 mapping; review during publication freeze.
IM-355,I-082,M-01,Mitigates / observes,Analytical crosswalk,Strong inference,Rule-based v0.3 mapping; review during publication freeze.
IM-356,I-082,M-05,Mitigates / observes,Analytical crosswalk,Strong inference,Rule-based v0.3 mapping; review during publication freeze.
IM-357,I-082,M-06,Mitigates / observes,Analytical crosswalk,Strong inference,Rule-based v0.3 mapping; review during publication freeze.
IM-358,I-082,M-14,Mitigates / observes,Analytical crosswalk,Strong inference,Rule-based v0.3 mapping; review during publication freeze.
IM-359,I-082,M-15,Mitigates / observes,Analytical crosswalk,Strong inference,Rule-based v0.3 mapping; review during publication freeze.
IM-360,I-084,M-03,Mitigates / observes,Analytical crosswalk,Strong inference,Rule-based v0.3 mapping; review during publication freeze.
IM-361,I-084,M-09,Mitigates / observes,Analytical crosswalk,Strong inference,Rule-based v0.3 mapping; review during publication freeze.
IM-362,I-084,M-13,Mitigates / observes,Analytical crosswalk,Strong inference,Rule-based v0.3 mapping; review during publication freeze.
IM-363,I-084,M-15,Mitigates / observes,Analytical crosswalk,Strong inference,Rule-based v0.3 mapping; review during publication freeze.
IM-364,I-084,M-16,Mitigates / observes,Analytical crosswalk,Strong inference,Rule-based v0.3 mapping; review during publication freeze.
IM-365,I-086,M-01,Mitigates / observes,Analytical crosswalk,Strong inference,Rule-based v0.3 mapping; review during publication freeze.
IM-366,I-086,M-03,Mitigates / observes,Analytical crosswalk,Strong inference,Rule-based v0.3 mapping; review during publication freeze.
IM-367,I-086,M-04,Mitigates / observes,Analytical crosswalk,Strong inference,Rule-based v0.3 mapping; review during publication freeze.
IM-368,I-086,M-05,Mitigates / observes,Analytical crosswalk,Strong inference,Rule-based v0.3 mapping; review during publication freeze.
IM-369,I-086,M-06,Mitigates / observes,Analytical crosswalk,Strong inference,Rule-based v0.3 mapping; review during publication freeze.
IM-370,I-087,M-03,Mitigates / observes,Analytical crosswalk,Strong inference,Rule-based v0.3 mapping; review during publication freeze.
IM-371,I-087,M-05,Mitigates / observes,Analytical crosswalk,Strong inference,Rule-based v0.3 mapping; review during publication freeze.
IM-372,I-087,M-06,Mitigates / observes,Analytical crosswalk,Strong inference,Rule-based v0.3 mapping; review during publication freeze.
IM-373,I-087,M-13,Mitigates / observes,Analytical crosswalk,Strong inference,Rule-based v0.3 mapping; review during publication freeze.
IM-374,I-087,M-14,Mitigates / observes,Analytical crosswalk,Strong inference,Rule-based v0.3 mapping; review during publication freeze.
IM-375,I-088,M-05,Mitigates / observes,Analytical crosswalk,Strong inference,Rule-based v0.3 mapping; review during publication freeze.
IM-376,I-088,M-06,Mitigates / observes,Analytical crosswalk,Strong inference,Rule-based v0.3 mapping; review during publication freeze.
IM-377,I-088,M-09,Mitigates / observes,Analytical crosswalk,Strong inference,Rule-based v0.3 mapping; review during publication freeze.
IM-378,I-088,M-13,Mitigates / observes,Analytical crosswalk,Strong inference,Rule-based v0.3 mapping; review during publication freeze.
IM-379,I-088,M-14,Mitigates / observes,Analytical crosswalk,Strong inference,Rule-based v0.3 mapping; review during publication freeze.
IM-380,I-089,M-05,Mitigates / observes,Analytical crosswalk,Strong inference,Rule-based v0.3 mapping; review during publication freeze.
IM-381,I-089,M-06,Mitigates / observes,Analytical crosswalk,Strong inference,Rule-based v0.3 mapping; review during publication freeze.
IM-382,I-089,M-14,Mitigates / observes,Analytical crosswalk,Strong inference,Rule-based v0.3 mapping; review during publication freeze.
IM-383,I-089,M-15,Mitigates / observes,Analytical crosswalk,Strong inference,Rule-based v0.3 mapping; review during publication freeze.
IM-384,I-089,M-16,Mitigates / observes,Analytical crosswalk,Strong inference,Rule-based v0.3 mapping; review during publication freeze.
IM-385,I-090,M-14,Mitigates / observes,Analytical crosswalk,Strong inference,Rule-based v0.3 mapping; review during publication freeze.
IM-386,I-090,M-15,Mitigates / observes,Analytical crosswalk,Strong inference,Rule-based v0.3 mapping; review during publication freeze.
IM-387,I-090,M-16,Mitigates / observes,Analytical crosswalk,Strong inference,Rule-based v0.3 mapping; review during publication freeze.
IM-388,I-091,M-12,Mitigates / observes,Analytical crosswalk,Strong inference,Rule-based v0.3 mapping; review during publication freeze.
IM-389,I-091,M-13,Mitigates / observes,Analytical crosswalk,Strong inference,Rule-based v0.3 mapping; review during publication freeze.
IM-390,I-091,M-14,Mitigates / observes,Analytical crosswalk,Strong inference,Rule-based v0.3 mapping; review during publication freeze.
IM-391,I-091,M-16,Mitigates / observes,Analytical crosswalk,Strong inference,Rule-based v0.3 mapping; review during publication freeze.
IM-392,I-092,M-05,Mitigates / observes,Analytical crosswalk,Strong inference,Rule-based v0.3 mapping; review during publication freeze.
IM-393,I-092,M-12,Mitigates / observes,Analytical crosswalk,Strong inference,Rule-based v0.3 mapping; review during publication freeze.
IM-394,I-092,M-14,Mitigates / observes,Analytical crosswalk,Strong inference,Rule-based v0.3 mapping; review during publication freeze.
IM-395,I-092,M-15,Mitigates / observes,Analytical crosswalk,Strong inference,Rule-based v0.3 mapping; review during publication freeze.
IM-396,I-092,M-16,Mitigates / observes,Analytical crosswalk,Strong inference,Rule-based v0.3 mapping; review during publication freeze.
IM-397,I-094,M-09,Mitigates / observes,Analytical crosswalk,Strong inference,Rule-based v0.3 mapping; review during publication freeze.
IM-398,I-094,M-13,Mitigates / observes,Analytical crosswalk,Strong inference,Rule-based v0.3 mapping; review during publication freeze.
IM-399,I-094,M-14,Mitigates / observes,Analytical crosswalk,Strong inference,Rule-based v0.3 mapping; review during publication freeze.
IM-400,I-094,M-15,Mitigates / observes,Analytical crosswalk,Strong inference,Rule-based v0.3 mapping; review during publication freeze.
IM-401,I-094,M-16,Mitigates / observes,Analytical crosswalk,Strong inference,Rule-based v0.3 mapping; review during publication freeze.
IM-402,I-095,M-01,Mitigates / observes,Analytical crosswalk,Strong inference,Rule-based v0.3 mapping; review during publication freeze.
IM-403,I-095,M-06,Mitigates / observes,Analytical crosswalk,Strong inference,Rule-based v0.3 mapping; review during publication freeze.
IM-404,I-095,M-12,Mitigates / observes,Analytical crosswalk,Strong inference,Rule-based v0.3 mapping; review during publication freeze.
IM-405,I-095,M-14,Mitigates / observes,Analytical crosswalk,Strong inference,Rule-based v0.3 mapping; review during publication freeze.
IM-406,I-095,M-15,Mitigates / observes,Analytical crosswalk,Strong inference,Rule-based v0.3 mapping; review during publication freeze.
IM-407,I-096,M-14,Mitigates / observes,Analytical crosswalk,Strong inference,Rule-based v0.3 mapping; review during publication freeze.
IM-408,I-096,M-15,Mitigates / observes,Analytical crosswalk,Strong inference,Rule-based v0.3 mapping; review during publication freeze.
IM-409,I-096,M-16,Mitigates / observes,Analytical crosswalk,Strong inference,Rule-based v0.3 mapping; review during publication freeze.
IM-410,I-097,M-02,Mitigates / observes,Analytical crosswalk,Strong inference,Rule-based v0.3 mapping; review during publication freeze.
IM-411,I-097,M-13,Mitigates / observes,Analytical crosswalk,Strong inference,Rule-based v0.3 mapping; review during publication freeze.
IM-412,I-097,M-14,Mitigates / observes,Analytical crosswalk,Strong inference,Rule-based v0.3 mapping; review during publication freeze.
IM-413,I-097,M-15,Mitigates / observes,Analytical crosswalk,Strong inference,Rule-based v0.3 mapping; review during publication freeze.
IM-414,I-097,M-16,Mitigates / observes,Analytical crosswalk,Strong inference,Rule-based v0.3 mapping; review during publication freeze.
IM-415,I-098,M-14,Mitigates / observes,Analytical crosswalk,Strong inference,Rule-based v0.3 mapping; review during publication freeze.
IM-416,I-098,M-15,Mitigates / observes,Analytical crosswalk,Strong inference,Rule-based v0.3 mapping; review during publication freeze.
IM-417,I-098,M-16,Mitigates / observes,Analytical crosswalk,Strong inference,Rule-based v0.3 mapping; review during publication freeze.
IM-418,I-099,M-14,Mitigates / observes,Analytical crosswalk,Strong inference,Rule-based v0.3 mapping; review during publication freeze.
IM-419,I-099,M-16,Mitigates / observes,Analytical crosswalk,Strong inference,Rule-based v0.3 mapping; review during publication freeze.
IM-420,I-100,M-05,Mitigates / observes,Analytical crosswalk,Strong inference,Rule-based v0.3 mapping; review during publication freeze.
IM-421,I-100,M-12,Mitigates / observes,Analytical crosswalk,Strong inference,Rule-based v0.3 mapping; review during publication freeze.
IM-422,I-100,M-14,Mitigates / observes,Analytical crosswalk,Strong inference,Rule-based v0.3 mapping; review during publication freeze.
IM-423,I-100,M-15,Mitigates / observes,Analytical crosswalk,Strong inference,Rule-based v0.3 mapping; review during publication freeze.
IM-424,I-100,M-16,Mitigates / observes,Analytical crosswalk,Strong inference,Rule-based v0.3 mapping; review during publication freeze.
IM-425,I-101,M-04,Mitigates / observes,Analytical crosswalk,Strong inference,Rule-based v0.3 mapping; review during publication freeze.
IM-426,I-101,M-09,Mitigates / observes,Analytical crosswalk,Strong inference,Rule-based v0.3 mapping; review during publication freeze.
IM-427,I-101,M-12,Mitigates / observes,Analytical crosswalk,Strong inference,Rule-based v0.3 mapping; review during publication freeze.
IM-428,I-101,M-14,Mitigates / observes,Analytical crosswalk,Strong inference,Rule-based v0.3 mapping; review during publication freeze.
IM-429,I-101,M-15,Mitigates / observes,Analytical crosswalk,Strong inference,Rule-based v0.3 mapping; review during publication freeze.
IM-430,I-102,M-13,Mitigates / observes,Analytical crosswalk,Strong inference,Rule-based v0.3 mapping; review during publication freeze.
IM-431,I-102,M-14,Mitigates / observes,Analytical crosswalk,Strong inference,Rule-based v0.3 mapping; review during publication freeze.
IM-432,I-102,M-15,Mitigates / observes,Analytical crosswalk,Strong inference,Rule-based v0.3 mapping; review during publication freeze.
IM-433,I-102,M-16,Mitigates / observes,Analytical crosswalk,Strong inference,Rule-based v0.3 mapping; review during publication freeze.
IM-434,I-103,M-09,Mitigates / observes,Analytical crosswalk,Strong inference,Rule-based v0.3 mapping; review during publication freeze.
IM-435,I-103,M-10,Mitigates / observes,Analytical crosswalk,Strong inference,Rule-based v0.3 mapping; review during publication freeze.
IM-436,I-103,M-14,Mitigates / observes,Analytical crosswalk,Strong inference,Rule-based v0.3 mapping; review during publication freeze.
IM-437,I-103,M-15,Mitigates / observes,Analytical crosswalk,Strong inference,Rule-based v0.3 mapping; review during publication freeze.
IM-438,I-103,M-16,Mitigates / observes,Analytical crosswalk,Strong inference,Rule-based v0.3 mapping; review during publication freeze.
IM-439,I-104,M-05,Mitigates / observes,Analytical crosswalk,Strong inference,Rule-based v0.3 mapping; review during publication freeze.
IM-440,I-104,M-09,Mitigates / observes,Analytical crosswalk,Strong inference,Rule-based v0.3 mapping; review during publication freeze.
IM-441,I-104,M-15,Mitigates / observes,Analytical crosswalk,Strong inference,Rule-based v0.3 mapping; review during publication freeze.
IM-442,I-104,M-16,Mitigates / observes,Analytical crosswalk,Strong inference,Rule-based v0.3 mapping; review during publication freeze.
IM-443,I-105,M-03,Mitigates / observes,Analytical crosswalk,Strong inference,Rule-based v0.3 mapping; review during publication freeze.
IM-444,I-105,M-09,Mitigates / observes,Analytical crosswalk,Strong inference,Rule-based v0.3 mapping; review during publication freeze.
IM-445,I-105,M-15,Mitigates / observes,Analytical crosswalk,Strong inference,Rule-based v0.3 mapping; review during publication freeze.
IM-446,I-105,M-16,Mitigates / observes,Analytical crosswalk,Strong inference,Rule-based v0.3 mapping; review during publication freeze.
IM-447,I-106,M-05,Mitigates / observes,Analytical crosswalk,Strong inference,Rule-based v0.3 mapping; review during publication freeze.
IM-448,I-106,M-06,Mitigates / observes,Analytical crosswalk,Strong inference,Rule-based v0.3 mapping; review during publication freeze.
IM-449,I-106,M-13,Mitigates / observes,Analytical crosswalk,Strong inference,Rule-based v0.3 mapping; review during publication freeze.
IM-450,I-106,M-14,Mitigates / observes,Analytical crosswalk,Strong inference,Rule-based v0.3 mapping; review during publication freeze.
IM-451,I-106,M-15,Mitigates / observes,Analytical crosswalk,Strong inference,Rule-based v0.3 mapping; review during publication freeze.
IM-452,I-107,M-03,Mitigates / observes,Analytical crosswalk,Strong inference,Rule-based v0.3 mapping; review during publication freeze.
IM-453,I-107,M-05,Mitigates / observes,Analytical crosswalk,Strong inference,Rule-based v0.3 mapping; review during publication freeze.
IM-454,I-107,M-06,Mitigates / observes,Analytical crosswalk,Strong inference,Rule-based v0.3 mapping; review during publication freeze.
IM-455,I-107,M-12,Mitigates / observes,Analytical crosswalk,Strong inference,Rule-based v0.3 mapping; review during publication freeze.
IM-456,I-107,M-13,Mitigates / observes,Analytical crosswalk,Strong inference,Rule-based v0.3 mapping; review during publication freeze.
IM-457,I-108,M-13,Mitigates / observes,Analytical crosswalk,Strong inference,Rule-based v0.3 mapping; review during publication freeze.
IM-458,I-108,M-15,Mitigates / observes,Analytical crosswalk,Strong inference,Rule-based v0.3 mapping; review during publication freeze.
IM-459,I-108,M-16,Mitigates / observes,Analytical crosswalk,Strong inference,Rule-based v0.3 mapping; review during publication freeze.
IM-460,I-109,M-06,Mitigates / observes,Analytical crosswalk,Strong inference,Rule-based v0.3 mapping; review during publication freeze.
IM-461,I-109,M-12,Mitigates / observes,Analytical crosswalk,Strong inference,Rule-based v0.3 mapping; review during publication freeze.
IM-462,I-109,M-16,Mitigates / observes,Analytical crosswalk,Strong inference,Rule-based v0.3 mapping; review during publication freeze.
IM-463,I-110,M-03,Mitigates / observes,Analytical crosswalk,Strong inference,Rule-based v0.3 mapping; review during publication freeze.
IM-464,I-110,M-04,Mitigates / observes,Analytical crosswalk,Strong inference,Rule-based v0.3 mapping; review during publication freeze.
IM-465,I-110,M-05,Mitigates / observes,Analytical crosswalk,Strong inference,Rule-based v0.3 mapping; review during publication freeze.
IM-466,I-110,M-06,Mitigates / observes,Analytical crosswalk,Strong inference,Rule-based v0.3 mapping; review during publication freeze.
IM-467,I-110,M-13,Mitigates / observes,Analytical crosswalk,Strong inference,Rule-based v0.3 mapping; review during publication freeze.
IM-468,I-111,M-05,Mitigates / observes,Analytical crosswalk,Strong inference,Rule-based v0.3 mapping; review during publication freeze.
IM-469,I-111,M-13,Mitigates / observes,Analytical crosswalk,Strong inference,Rule-based v0.3 mapping; review during publication freeze.
IM-470,I-111,M-14,Mitigates / observes,Analytical crosswalk,Strong inference,Rule-based v0.3 mapping; review during publication freeze.
IM-471,I-111,M-15,Mitigates / observes,Analytical crosswalk,Strong inference,Rule-based v0.3 mapping; review during publication freeze.
IM-472,I-111,M-16,Mitigates / observes,Analytical crosswalk,Strong inference,Rule-based v0.3 mapping; review during publication freeze.
IM-473,I-112,M-05,Mitigates / observes,Analytical crosswalk,Strong inference,Rule-based v0.3 mapping; review during publication freeze.
IM-474,I-112,M-14,Mitigates / observes,Analytical crosswalk,Strong inference,Rule-based v0.3 mapping; review during publication freeze.
IM-475,I-112,M-15,Mitigates / observes,Analytical crosswalk,Strong inference,Rule-based v0.3 mapping; review during publication freeze.
IM-476,I-112,M-16,Mitigates / observes,Analytical crosswalk,Strong inference,Rule-based v0.3 mapping; review during publication freeze.
IM-477,I-113,M-05,Mitigates / observes,Analytical crosswalk,Strong inference,Rule-based v0.3 mapping; review during publication freeze.
IM-478,I-113,M-09,Mitigates / observes,Analytical crosswalk,Strong inference,Rule-based v0.3 mapping; review during publication freeze.
IM-479,I-113,M-10,Mitigates / observes,Analytical crosswalk,Strong inference,Rule-based v0.3 mapping; review during publication freeze.
IM-480,I-113,M-13,Mitigates / observes,Analytical crosswalk,Strong inference,Rule-based v0.3 mapping; review during publication freeze.
IM-481,I-113,M-14,Mitigates / observes,Analytical crosswalk,Strong inference,Rule-based v0.3 mapping; review during publication freeze.
IM-482,I-114,M-13,Mitigates / observes,Analytical crosswalk,Strong inference,Rule-based v0.3 mapping; review during publication freeze.
IM-483,I-114,M-14,Mitigates / observes,Analytical crosswalk,Strong inference,Rule-based v0.3 mapping; review during publication freeze.
IM-484,I-114,M-15,Mitigates / observes,Analytical crosswalk,Strong inference,Rule-based v0.3 mapping; review during publication freeze.
IM-485,I-114,M-16,Mitigates / observes,Analytical crosswalk,Strong inference,Rule-based v0.3 mapping; review during publication freeze.
IM-486,I-115,M-13,Mitigates / observes,Analytical crosswalk,Strong inference,Rule-based v0.3 mapping; review during publication freeze.
IM-487,I-115,M-14,Mitigates / observes,Analytical crosswalk,Strong inference,Rule-based v0.3 mapping; review during publication freeze.
IM-488,I-115,M-15,Mitigates / observes,Analytical crosswalk,Strong inference,Rule-based v0.3 mapping; review during publication freeze.
IM-489,I-115,M-16,Mitigates / observes,Analytical crosswalk,Strong inference,Rule-based v0.3 mapping; review during publication freeze.
IM-490,I-116,M-04,Mitigates / observes,Analytical crosswalk,Strong inference,Rule-based v0.3 mapping; review during publication freeze.
IM-491,I-116,M-05,Mitigates / observes,Analytical crosswalk,Strong inference,Rule-based v0.3 mapping; review during publication freeze.
IM-492,I-116,M-12,Mitigates / observes,Analytical crosswalk,Strong inference,Rule-based v0.3 mapping; review during publication freeze.
IM-493,I-116,M-14,Mitigates / observes,Analytical crosswalk,Strong inference,Rule-based v0.3 mapping; review during publication freeze.
IM-494,I-116,M-15,Mitigates / observes,Analytical crosswalk,Strong inference,Rule-based v0.3 mapping; review during publication freeze.
IM-495,I-117,M-02,Mitigates / observes,Analytical crosswalk,Strong inference,Rule-based v0.3 mapping; review during publication freeze.
IM-496,I-117,M-05,Mitigates / observes,Analytical crosswalk,Strong inference,Rule-based v0.3 mapping; review during publication freeze.
IM-497,I-117,M-13,Mitigates / observes,Analytical crosswalk,Strong inference,Rule-based v0.3 mapping; review during publication freeze.
IM-498,I-117,M-14,Mitigates / observes,Analytical crosswalk,Strong inference,Rule-based v0.3 mapping; review during publication freeze.
IM-499,I-117,M-15,Mitigates / observes,Analytical crosswalk,Strong inference,Rule-based v0.3 mapping; review during publication freeze.
IM-500,I-118,M-06,Mitigates / observes,Analytical crosswalk,Strong inference,Rule-based v0.3 mapping; review during publication freeze.
IM-501,I-118,M-13,Mitigates / observes,Analytical crosswalk,Strong inference,Rule-based v0.3 mapping; review during publication freeze.
IM-502,I-118,M-14,Mitigates / observes,Analytical crosswalk,Strong inference,Rule-based v0.3 mapping; review during publication freeze.
IM-503,I-118,M-15,Mitigates / observes,Analytical crosswalk,Strong inference,Rule-based v0.3 mapping; review during publication freeze.
IM-504,I-118,M-16,Mitigates / observes,Analytical crosswalk,Strong inference,Rule-based v0.3 mapping; review during publication freeze.
IM-505,I-119,M-05,Mitigates / observes,Analytical crosswalk,Strong inference,Rule-based v0.3 mapping; review during publication freeze.
IM-506,I-119,M-08,Mitigates / observes,Analytical crosswalk,Strong inference,Rule-based v0.3 mapping; review during publication freeze.
IM-507,I-119,M-12,Mitigates / observes,Analytical crosswalk,Strong inference,Rule-based v0.3 mapping; review during publication freeze.
IM-508,I-119,M-13,Mitigates / observes,Analytical crosswalk,Strong inference,Rule-based v0.3 mapping; review during publication freeze.
IM-509,I-119,M-14,Mitigates / observes,Analytical crosswalk,Strong inference,Rule-based v0.3 mapping; review during publication freeze.
IM-510,I-120,M-02,Mitigates / observes,Analytical crosswalk,Strong inference,Rule-based v0.3 mapping; review during publication freeze.
IM-511,I-120,M-05,Mitigates / observes,Analytical crosswalk,Strong inference,Rule-based v0.3 mapping; review during publication freeze.
IM-512,I-120,M-12,Mitigates / observes,Analytical crosswalk,Strong inference,Rule-based v0.3 mapping; review during publication freeze.
IM-513,I-120,M-13,Mitigates / observes,Analytical crosswalk,Strong inference,Rule-based v0.3 mapping; review during publication freeze.
IM-514,I-120,M-14,Mitigates / observes,Analytical crosswalk,Strong inference,Rule-based v0.3 mapping; review during publication freeze.
IM-515,I-121,M-01,Mitigates / observes,Analytical crosswalk,Strong inference,Rule-based v0.3 mapping; review during publication freeze.
IM-516,I-121,M-03,Mitigates / observes,Analytical crosswalk,Strong inference,Rule-based v0.3 mapping; review during publication freeze.
IM-517,I-121,M-12,Mitigates / observes,Analytical crosswalk,Strong inference,Rule-based v0.3 mapping; review during publication freeze.
IM-518,I-121,M-13,Mitigates / observes,Analytical crosswalk,Strong inference,Rule-based v0.3 mapping; review during publication freeze.
IM-519,I-121,M-14,Mitigates / observes,Analytical crosswalk,Strong inference,Rule-based v0.3 mapping; review during publication freeze.
