relation_id,package_id,implementation_id
PI-0001,G0,I-024
PI-0002,G0,I-033
PI-0003,G0,I-035
PI-0004,G0,I-065
PI-0005,G0,I-082
PI-0006,G0,I-090
PI-0007,G0,I-091
PI-0008,G0,I-096
PI-0009,G0,I-101
PI-0010,G0,I-117
PI-0011,G0,I-118
PI-0012,P01,I-014
PI-0013,P01,I-018
PI-0014,P01,I-019
PI-0015,P01,I-024
PI-0016,P01,I-027
PI-0017,P01,I-028
PI-0018,P01,I-029
PI-0019,P01,I-032
PI-0020,P01,I-033
PI-0021,P01,I-052
PI-0022,P01,I-095
PI-0023,P02,I-001
PI-0024,P02,I-002
PI-0025,P02,I-003
PI-0026,P02,I-004
PI-0027,P02,I-015
PI-0028,P02,I-030
PI-0029,P02,I-109
PI-0030,P03,I-005
PI-0031,P03,I-012
PI-0032,P03,I-014
PI-0033,P03,I-015
PI-0034,P03,I-018
PI-0035,P03,I-031
PI-0036,P03,I-120
PI-0037,P04,I-011
PI-0038,P04,I-013
PI-0039,P05,I-007
PI-0040,P05,I-022
PI-0041,P05,I-025
PI-0042,P05,I-026
PI-0043,P05,I-027
PI-0044,P05,I-028
PI-0045,P05,I-029
PI-0046,P06,I-042
PI-0047,P06,I-043
PI-0048,P06,I-044
PI-0049,P06,I-045
PI-0050,P06,I-046
PI-0051,P06,I-047
PI-0052,P06,I-048
PI-0053,P06,I-053
PI-0054,P06,I-054
PI-0055,P06,I-084
PI-0056,P06,I-092
PI-0057,P06,I-094
PI-0058,P07,I-045
PI-0059,P07,I-049
PI-0060,P07,I-050
PI-0061,P07,I-051
PI-0062,P07,I-056
PI-0063,P07,I-059
PI-0064,P07,I-069
PI-0065,P07,I-078
PI-0066,P07,I-081
PI-0067,P08,I-070
PI-0068,P08,I-071
PI-0069,P08,I-072
PI-0070,P08,I-073
PI-0071,P08,I-074
PI-0072,P08,I-075
PI-0073,P08,I-076
PI-0074,P08,I-077
PI-0075,P08,I-078
PI-0076,P08,I-079
PI-0077,P08,I-080
PI-0078,P08,I-081
PI-0079,P09,I-029
PI-0080,P09,I-052
PI-0081,P09,I-058
PI-0082,P09,I-060
PI-0083,P09,I-061
PI-0084,P09,I-062
PI-0085,P09,I-063
PI-0086,P09,I-064
PI-0087,P09,I-070
PI-0088,P09,I-071
PI-0089,P09,I-072
PI-0090,P09,I-073
PI-0091,P10,I-031
PI-0092,P10,I-074
PI-0093,P10,I-086
PI-0094,P10,I-087
PI-0095,P10,I-107
PI-0096,P10,I-108
PI-0097,P10,I-109
PI-0098,P10,I-110
PI-0099,P10,I-111
PI-0100,P10,I-119
PI-0101,P11,I-034
PI-0102,P11,I-090
PI-0103,P11,I-098
PI-0104,P11,I-099
PI-0105,P11,I-100
PI-0106,P11,I-102
PI-0107,P11,I-112
PI-0108,P12,I-038
PI-0109,P12,I-039
PI-0110,P12,I-040
PI-0111,P12,I-088
PI-0112,P12,I-089
PI-0113,P12,I-097
PI-0114,P12,I-103
PI-0115,P12,I-104
PI-0116,P12,I-106
PI-0117,P12,I-113
PI-0118,P12,I-114
PI-0119,P12,I-115
PI-0120,P12,I-119
PI-0121,P13,I-004
PI-0122,P13,I-007
PI-0123,P13,I-016
PI-0124,P13,I-026
PI-0125,P13,I-040
PI-0126,P13,I-041
PI-0127,P13,I-046
PI-0128,P13,I-054
PI-0129,P13,I-055
PI-0130,P13,I-065
PI-0131,P13,I-066
PI-0132,P13,I-067
PI-0133,P13,I-068
PI-0134,P13,I-079
PI-0135,P13,I-094
PI-0136,P13,I-116
PI-0137,P14,I-111
PI-0138,P14,I-117
PI-0139,P14,I-118
PI-0140,P14,I-119
