source_id,title,institution_author,publication_date,source_class,jurisdiction,provenance,direct_url,verification_level,last_checked,notes
SRC-115,Dark Patterns after the GDPR: Scraping Consent Pop-ups and Demonstrating their Influence,"Midas Nouwens; Ilaria Liccardi; Michael Veale; David Karger; Lalana Kagal",2020-04-23,Peer-reviewed research,"United States participant sample; United Kingdom website context; European Union consent-law application",Primary / original,https://doi.org/10.1145/3313831.3376321,Claim checked — empirical source,2026-08-13,"Forty-participant within-subject field experiment; acceptance endpoint checked. Open manuscript: https://arxiv.org/pdf/2001.02479"
SRC-116,Don't Break the Chain: Measuring Message Forwarding on WhatsApp,"Philipe de Freitas Melo; Mohamad Hoseini; Savvas Zannettou; Fabrício Benevenuto",2024-05-28,Peer-reviewed research,Brazilian public political WhatsApp groups,Primary / original,https://doi.org/10.1609/icwsm.v18i1.31372,Claim checked — empirical source,2026-08-13,"Observational study of 9,785,951 messages from 1,101 selected public groups; label-coverage endpoint and limitations checked."
SRC-117,Operationalizing the Legal Principle of Data Minimization for Personalization,"Asia J. Biega; Peter Potash; Hal Daumé III; Fernando Diaz; Michèle Finck",2020,Peer-reviewed research,Non-jurisdictional recommender-system benchmark datasets,Primary / original,https://doi.org/10.1145/3397271.3401034,Claim checked — empirical source,2026-08-13,"Offline MovieLens and Google Location experiments; algorithm-, metric-, and user-dependent minimisation effects checked. Open manuscript: https://arxiv.org/abs/2005.13718"
SRC-118,The exercisability of the right to data portability in the emerging Internet of Things (IoT) environment,"Sarah Turner; July Galindo Quintero; Simon Turner; Jessica Lis; Leonie Maria Tanczer",2020-07-10,Peer-reviewed research,European Union and United Kingdom consumer IoT context,Primary / original,https://doi.org/10.1177/1461444820934033,Claim checked — empirical source,2026-08-13,"Review of 160 privacy policies and hands-on portability exercise across four consumer IoT systems; receipt, import, and direct-transfer endpoints checked."
SRC-119,Regulation (EU) 2022/1925 on contestable and fair markets in the digital sector (Digital Markets Act),European Parliament and Council of the European Union,2022-10-12,Primary law / regulator,EU/EEA,Primary / original,https://eur-lex.europa.eu/eli/reg/2022/1925/oj/eng,Claim checked — primary legal source,2026-08-13,"Official Journal act checked, including scope, designation, virtual assistants, duties, and enforcement."
SRC-120,Algorithmic Transparency Recording Standard (ATRS) Mandatory Scope and Exemptions Policy,Government Digital Service,2024-12-17,Official guidance / institution,United Kingdom central government,Primary / original,https://www.gov.uk/government/publications/algorithmic-transparency-recording-standard-mandatory-scope-and-exemptions-policy/algorithmic-transparency-recording-standard-atrs-mandatory-scope-and-exemptions-policy,Claim checked — primary official policy source,2026-08-13,"Official mandatory administrative-policy source checked, including organisations, tools, lifecycle, and exemptions."
SRC-121,"Frontier AI Safety Commitments, AI Seoul Summit 2024",UK Department for Science Innovation and Technology / Government of the Republic of Korea,2024-05-21,Provider framework / policy,International and listed signatory organisations,Primary / original,https://www.gov.uk/government/publications/frontier-ai-safety-commitments-ai-seoul-summit-2024/frontier-ai-safety-commitments-ai-seoul-summit-2024,Claim checked — primary official policy source,2026-08-13,"Official voluntary commitment text checked; signatory list updated 2025-02-07; limited to frontier AI models and systems."
SRC-122,Commission Notice — Guidance on the interpretation and application of Directive 2005/29/EC concerning unfair business-to-consumer commercial practices (2021/C 526/01),European Commission Directorate-General for Justice and Consumers,2021-12-29,Official guidance / institution,EU/EEA,Primary / original,https://eur-lex.europa.eu/legal-content/EN/TXT/HTML/?uri=CELEX%3A52021XC1229%2805%29,Claim checked — primary legal source,2026-08-13,"Guidance scope and sections 4.2.7–4.2.8 checked; the Notice states that only Union legislation has legal force. Cross-checked against the applicable consolidated Directive: https://eur-lex.europa.eu/eli/dir/2005/29/2022-05-28/eng"
SRC-123,Commission work programme 2026 — Europe's Independence Moment (COM(2025) 870 final) Annex I,European Commission,2025-10-21,Official guidance / institution,EU/EEA,Primary / original,https://eur-lex.europa.eu/legal-content/EN/TXT/HTML/?uri=CELEX%3A52025DC0870,Claim checked — primary official policy source,2026-08-13,"Annex I no. 30 schedules the legislative initiative for Q4 2026; this is an indicative plan, not an adopted proposal. Preparation status and intended scope cross-checked at https://commission.europa.eu/law/law-topic/consumer-protection-law/review-eu-consumer-law_en"
